currency,nodes,neighbors,wallets,miners,transactions,interval,shards,block size,mode,blocktime in configuration file,sig_scheme,broadcast_protocol,shard_comm_protocol,verify_mode,conflict_check,n_seeds,tps_mean,tps_std,tps_ci95_halfwidth,tps_n,average block time_mean,average block time_std,average block time_ci95_halfwidth,average block time_n,messages_mean,messages_std,messages_ci95_halfwidth,messages_n,broadcast_cpu_seconds_mean,broadcast_cpu_seconds_std,broadcast_cpu_seconds_ci95_halfwidth,broadcast_cpu_seconds_n,hop_p50_mean,hop_p50_std,hop_p50_ci95_halfwidth,hop_p50_n,hop_p90_mean,hop_p90_std,hop_p90_ci95_halfwidth,hop_p90_n,hop_p99_mean,hop_p99_std,hop_p99_ci95_halfwidth,hop_p99_n,hop_max_mean,hop_max_std,hop_max_ci95_halfwidth,hop_max_n
memo,1000,100,524288000,1000,524288000,0.01,512,524288,sharded,0.146484375,ed25519,gossip,direct,shard,nonce_hash_set,5,703188.360657,1071.655757,1330.423051,5,0.744785,0.001119,0.001390,5,13528514.400000,781300.012619,969956.574154,5,1244.374000,72.983709,90.606716,5,2.000000,0.000000,0.000000,5,2.000000,0.000000,0.000000,5,2.000000,0.000000,0.000000,5,3.000000,0.000000,0.000000,5
memo,1000,10,524288000,1000,524288000,0.01,512,524288,sharded,0.146484375,ed25519,gossip,direct,shard,nonce_hash_set,5,526527.431979,2657.642083,3299.369472,5,0.994660,0.005042,0.006260,5,10358973.200000,185640.622869,230466.324937,5,933.497100,17.933228,22.263474,5,3.000000,0.000000,0.000000,5,4.000000,0.000000,0.000000,5,4.000000,0.000000,0.000000,5,5.000000,0.000000,0.000000,5
memo,1000,150,524288000,1000,524288000,0.01,512,524288,sharded,0.146484375,ed25519,gossip,direct,shard,nonce_hash_set,5,704723.444069,456.718404,566.999887,5,0.743152,0.000451,0.000560,5,23671882.400000,63.880748,79.305709,5,2265.000000,0.000031,0.000038,5,2.000000,0.000000,0.000000,5,2.000000,0.000000,0.000000,5,2.000000,0.000000,0.000000,5,2.000000,0.000000,0.000000,5
memo,1000,200,524288000,1000,524288000,0.01,512,524288,sharded,0.146484375,ed25519,gossip,direct,shard,nonce_hash_set,5,703770.022039,208.681562,259.070843,5,0.744138,0.000211,0.000262,5,41221853.200000,46.319542,57.504088,5,4020.000000,0.000061,0.000076,5,2.000000,0.000000,0.000000,5,2.000000,0.000000,0.000000,5,2.000000,0.000000,0.000000,5,2.000000,0.000000,0.000000,5
memo,1000,20,524288000,1000,524288000,0.01,512,524288,sharded,0.146484375,ed25519,gossip,direct,shard,nonce_hash_set,5,591737.930792,1691.721773,2100.213271,5,0.885052,0.002541,0.003154,5,15697044.000000,385644.410894,478764.015859,5,1465.154800,42.932235,53.298865,5,3.000000,0.000000,0.000000,5,3.000000,0.000000,0.000000,5,3.000000,0.000000,0.000000,5,4.000000,0.000000,0.000000,5
memo,1000,250,524288000,1000,524288000,0.01,512,524288,sharded,0.146484375,ed25519,gossip,direct,shard,nonce_hash_set,5,703008.959791,211.160705,262.148612,5,0.744944,0.000224,0.000278,5,63771853.600000,30.116441,37.388505,5,6275.000000,0.000086,0.000107,5,2.000000,0.000000,0.000000,5,2.000000,0.000000,0.000000,5,2.000000,0.000000,0.000000,5,2.000000,0.000000,0.000000,5
memo,1000,2,524288000,1000,524288000,0.01,512,524288,sharded,0.146484375,ed25519,gossip,direct,shard,nonce_hash_set,5,243312.960851,17351.158640,21540.855140,5,2.161856,0.166217,0.206352,5,2620104.000000,45397.140703,56358.958609,5,159.827360,4.534657,5.629618,5,9.000000,0.000000,0.000000,5,11.800000,0.447214,0.555200,5,14.600000,0.894427,1.110400,5,19.200000,2.280351,2.830976,5
memo,1000,300,524288000,1000,524288000,0.01,512,524288,sharded,0.146484375,ed25519,gossip,direct,shard,nonce_hash_set,5,701947.067912,299.600679,371.943739,5,0.746100,0.000323,0.000400,5,91321893.600000,11.489125,14.263346,5,9030.000000,0.000000,0.000000,5,2.000000,0.000000,0.000000,5,2.000000,0.000000,0.000000,5,2.000000,0.000000,0.000000,5,2.000000,0.000000,0.000000,5
memo,1000,350,524288000,1000,524288000,0.01,512,524288,sharded,0.146484375,ed25519,gossip,direct,shard,nonce_hash_set,5,700876.419732,293.485883,364.352434,5,0.747228,0.000325,0.000404,5,123871877.600000,43.081318,53.483946,5,12285.000000,0.000244,0.000303,5,2.000000,0.000000,0.000000,5,2.000000,0.000000,0.000000,5,2.000000,0.000000,0.000000,5,2.000000,0.000000,0.000000,5
memo,1000,400,524288000,1000,524288000,0.01,512,524288,sharded,0.146484375,ed25519,gossip,direct,shard,nonce_hash_set,5,700135.615635,356.699064,442.829382,5,0.748044,0.000374,0.000464,5,161421912.400000,14.142136,17.556966,5,16040.000000,0.000000,0.000000,5,2.000000,0.000000,0.000000,5,2.000000,0.000000,0.000000,5,2.000000,0.000000,0.000000,5,2.000000,0.000000,0.000000,5
memo,1000,450,524288000,1000,524288000,0.01,512,524288,sharded,0.146484375,ed25519,gossip,direct,shard,nonce_hash_set,5,698653.804872,467.443472,580.314683,5,0.749574,0.000496,0.000616,5,203971834.800000,26.981475,33.496555,5,20295.000000,0.000000,0.000000,5,2.000000,0.000000,0.000000,5,2.000000,0.000000,0.000000,5,2.000000,0.000000,0.000000,5,2.000000,0.000000,0.000000,5
memo,1000,500,524288000,1000,524288000,0.01,512,524288,sharded,0.146484375,ed25519,gossip,direct,shard,nonce_hash_set,5,698087.614337,266.233561,330.519632,5,0.750191,0.000277,0.000344,5,251521848.000000,27.422618,34.044219,5,25050.000000,0.000000,0.000000,5,1.000000,0.000000,0.000000,5,2.000000,0.000000,0.000000,5,2.000000,0.000000,0.000000,5,2.000000,0.000000,0.000000,5
memo,1000,50,524288000,1000,524288000,0.01,512,524288,sharded,0.146484375,ed25519,gossip,direct,shard,nonce_hash_set,5,629703.771001,195.330207,242.495604,5,0.831663,0.000260,0.000323,5,47393461.600000,17724.674130,22004.561524,5,4636.973000,1.456535,1.808237,5,2.000000,0.000000,0.000000,5,2.000000,0.000000,0.000000,5,3.000000,0.000000,0.000000,5,3.000000,0.000000,0.000000,5
