currency,nodes,neighbors,wallets,miners,transactions,interval,shards,average block time,block size,messages,mode,tps,no. of blocks generated,blocktime in configuration file,sig_scheme,broadcast_protocol,shard_comm_protocol,verify_mode,seed,conflict_check,broadcast_cpu_seconds,hop_p50,hop_p90,hop_p99,hop_max
memo,1000,100,524288000,1000,524288000,0.01,512,0.37085822515748473,524288,14803678,sharded,1412169.1268343986,1000,0.146484375,ed25519,gossip,direct,shard,0,nonce_hash_set,1373.6900000000376,2,2,2,3
memo,1000,100,524288000,1000,524288000,0.01,512,0.36997334778666896,524288,12738348,sharded,1415643.529819885,1000,0.146484375,ed25519,gossip,direct,shard,1,nonce_hash_set,1198.580000000025,2,2,2,3
memo,1000,100,524288000,1000,524288000,0.01,512,0.3705784013478361,524288,13636272,sharded,1413227.16622232,1000,0.146484375,ed25519,gossip,direct,shard,2,nonce_hash_set,1225.5200000000236,2,2,2,3
memo,1000,100,524288000,1000,524288000,0.01,512,0.3709294735102896,524288,13276986,sharded,1411908.9190831638,1000,0.146484375,ed25519,gossip,direct,shard,3,nonce_hash_set,1207.5500000000259,2,2,2,3
memo,1000,100,524288000,1000,524288000,0.01,512,0.3701591500347721,524288,13187288,sharded,1414849.9529210685,1000,0.146484375,ed25519,gossip,direct,shard,4,nonce_hash_set,1216.5300000000218,2,2,2,3
memo,1000,10,524288000,1000,524288000,0.01,512,0.37170975147841695,524288,10331250,sharded,1408950.6070717368,1000,0.146484375,ed25519,gossip,direct,shard,0,nonce_hash_set,926.0255000000197,3,4,4,5
memo,1000,10,524288000,1000,524288000,0.01,512,0.3720794435824063,524288,10460954,sharded,1407542.4402853623,1000,0.146484375,ed25519,gossip,direct,shard,1,nonce_hash_set,942.77500000002,3,4,4,5
memo,1000,10,524288000,1000,524288000,0.01,512,0.3717891436055245,524288,10618878,sharded,1408605.670733787,1000,0.146484375,ed25519,gossip,direct,shard,2,nonce_hash_set,959.8905000000215,3,4,4,5
memo,1000,10,524288000,1000,524288000,0.01,512,0.371886588336096,524288,10151282,sharded,1408200.7806280698,1000,0.146484375,ed25519,gossip,direct,shard,3,nonce_hash_set,914.3835000000166,3,4,4,5
memo,1000,10,524288000,1000,524288000,0.01,512,0.3715733862642698,524288,10232502,sharded,1409387.7639222024,1000,0.146484375,ed25519,gossip,direct,shard,4,nonce_hash_set,924.4110000000197,3,4,4,5
memo,1000,150,524288000,1000,524288000,0.01,512,0.3706523565952547,524288,23671802,sharded,1412848.4945040937,1000,0.146484375,ed25519,gossip,direct,shard,0,nonce_hash_set,2264.9999999999936,2,2,2,2
memo,1000,150,524288000,1000,524288000,0.01,512,0.36997245016853464,524288,23671964,sharded,1415669.106608913,1000,0.146484375,ed25519,gossip,direct,shard,1,nonce_hash_set,2264.9999999999936,2,2,2,2
memo,1000,150,524288000,1000,524288000,0.01,512,0.36969174903415125,524288,23671882,sharded,1416630.437028283,1000,0.146484375,ed25519,gossip,direct,shard,2,nonce_hash_set,2264.9999999999936,2,2,2,2
memo,1000,150,524288000,1000,524288000,0.01,512,0.3707631242897752,524288,23671842,sharded,1412481.6350147538,1000,0.146484375,ed25519,gossip,direct,shard,3,nonce_hash_set,2264.9999999999936,2,2,2,2
memo,1000,150,524288000,1000,524288000,0.01,512,0.37034058730103453,524288,23671922,sharded,1414203.7949901393,1000,0.146484375,ed25519,gossip,direct,shard,4,nonce_hash_set,2264.9999999999936,2,2,2,2
memo,1000,200,524288000,1000,524288000,0.01,512,0.37030563092546087,524288,41221796,sharded,1414163.0811587914,1000,0.146484375,ed25519,gossip,direct,shard,0,nonce_hash_set,4020.000000000206,2,2,2,2
memo,1000,200,524288000,1000,524288000,0.01,512,0.37045237151043214,524288,41221838,sharded,1413660.96231146,1000,0.146484375,ed25519,gossip,direct,shard,1,nonce_hash_set,4020.000000000206,2,2,2,2
memo,1000,200,524288000,1000,524288000,0.01,512,0.37029419186148793,524288,41221842,sharded,1414270.3707215951,1000,0.146484375,ed25519,gossip,direct,shard,2,nonce_hash_set,4020.000000000206,2,2,2,2
memo,1000,200,524288000,1000,524288000,0.01,512,0.3703113401908324,524288,41221922,sharded,1414315.4885024661,1000,0.146484375,ed25519,gossip,direct,shard,3,nonce_hash_set,4020.000000000206,2,2,2,2
memo,1000,200,524288000,1000,524288000,0.01,512,0.36989055756581163,524288,41221868,sharded,1415849.6487351416,1000,0.146484375,ed25519,gossip,direct,shard,4,nonce_hash_set,4020.000000000206,2,2,2,2
memo,1000,20,524288000,1000,524288000,0.01,512,0.3714305130513088,524288,15541764,sharded,1409974.0048218814,1000,0.146484375,ed25519,gossip,direct,shard,0,nonce_hash_set,1434.4320000000237,3,3,3,4
memo,1000,20,524288000,1000,524288000,0.01,512,0.37103745018167605,524288,16386580,sharded,1411489.7559358662,1000,0.146484375,ed25519,gossip,direct,shard,1,nonce_hash_set,1538.0100000000293,3,3,3,4
memo,1000,20,524288000,1000,524288000,0.01,512,0.3714206859779638,524288,15508712,sharded,1410105.0473830458,1000,0.146484375,ed25519,gossip,direct,shard,2,nonce_hash_set,1440.1240000000246,3,3,3,4
memo,1000,20,524288000,1000,524288000,0.01,512,0.37174838597738424,524288,15526730,sharded,1408804.1798031132,1000,0.146484375,ed25519,gossip,direct,shard,3,nonce_hash_set,1443.410000000027,3,3,3,4
memo,1000,20,524288000,1000,524288000,0.01,512,0.37106946188037476,524288,15521434,sharded,1411304.5178824973,1000,0.146484375,ed25519,gossip,direct,shard,4,nonce_hash_set,1469.798000000027,3,3,3,4
memo,1000,250,524288000,1000,524288000,0.01,512,0.370164944167376,524288,63771894,sharded,1414836.1055043354,1000,0.146484375,ed25519,gossip,direct,shard,0,nonce_hash_set,6274.999999999776,2,2,2,2
memo,1000,250,524288000,1000,524288000,0.01,512,0.36999247986404954,524288,63771870,sharded,1415462.3904584027,1000,0.146484375,ed25519,gossip,direct,shard,1,nonce_hash_set,6274.999999999776,2,2,2,2
memo,1000,250,524288000,1000,524288000,0.01,512,0.3700616346735,524288,63771852,sharded,1415172.9737184292,1000,0.146484375,ed25519,gossip,direct,shard,2,nonce_hash_set,6274.999999999776,2,2,2,2
memo,1000,250,524288000,1000,524288000,0.01,512,0.3702815788540597,524288,63771816,sharded,1414282.594399331,1000,0.146484375,ed25519,gossip,direct,shard,3,nonce_hash_set,6274.999999999776,2,2,2,2
memo,1000,250,524288000,1000,524288000,0.01,512,0.36968844723896077,524288,63771836,sharded,1416579.381669163,1000,0.146484375,ed25519,gossip,direct,shard,4,nonce_hash_set,6274.999999999776,2,2,2,2
memo,1000,2,524288000,1000,524288000,0.01,512,0.3829393389338505,524288,2656440,sharded,1367625.5081499154,1000,0.146484375,ed25519,gossip,direct,shard,0,nonce_hash_set,163.45600000000155,9,12,16,23
memo,1000,2,524288000,1000,524288000,0.01,512,0.37930272293095035,524288,2666448,sharded,1380794.49562861,1000,0.146484375,ed25519,gossip,direct,shard,1,nonce_hash_set,164.4556000000012,9,12,14,17
memo,1000,2,524288000,1000,524288000,0.01,512,0.38027476272642646,524288,2554592,sharded,1377141.1077751415,1000,0.146484375,ed25519,gossip,direct,shard,2,nonce_hash_set,153.2815000000022,9,11,14,18
memo,1000,2,524288000,1000,524288000,0.01,512,0.37988984384699803,524288,2598552,sharded,1378539.1751902672,1000,0.146484375,ed25519,gossip,direct,shard,3,nonce_hash_set,157.67710000000176,9,12,14,19
memo,1000,2,524288000,1000,524288000,0.01,512,0.38054036368261157,524288,2624488,sharded,1376131.4855860288,1000,0.146484375,ed25519,gossip,direct,shard,4,nonce_hash_set,160.26659999999734,9,12,15,19
memo,1000,300,524288000,1000,524288000,0.01,512,0.3697860395927255,524288,91321876,sharded,1416260.9074609927,1000,0.146484375,ed25519,gossip,direct,shard,0,nonce_hash_set,9030.000000000151,2,2,2,2
memo,1000,300,524288000,1000,524288000,0.01,512,0.37056617152238835,524288,91321900,sharded,1413312.493820981,1000,0.146484375,ed25519,gossip,direct,shard,1,nonce_hash_set,9030.000000000151,2,2,2,2
memo,1000,300,524288000,1000,524288000,0.01,512,0.37012412047514753,524288,91321906,sharded,1415008.7579476368,1000,0.146484375,ed25519,gossip,direct,shard,2,nonce_hash_set,9030.000000000151,2,2,2,2
memo,1000,300,524288000,1000,524288000,0.01,512,0.36996632957676945,524288,91321896,sharded,1415598.4210755732,1000,0.146484375,ed25519,gossip,direct,shard,3,nonce_hash_set,9030.000000000151,2,2,2,2
memo,1000,300,524288000,1000,524288000,0.01,512,0.3704308298879244,524288,91321890,sharded,1413815.0438462538,1000,0.146484375,ed25519,gossip,direct,shard,4,nonce_hash_set,9030.000000000151,2,2,2,2
memo,1000,350,524288000,1000,524288000,0.01,512,0.37027876467481247,524288,123871870,sharded,1414368.0112467017,1000,0.146484375,ed25519,gossip,direct,shard,0,nonce_hash_set,12284.99999999987,2,2,2,2
memo,1000,350,524288000,1000,524288000,0.01,512,0.37033993168369783,524288,123871826,sharded,1414073.5772648857,1000,0.146484375,ed25519,gossip,direct,shard,1,nonce_hash_set,12284.99999999987,2,2,2,2
memo,1000,350,524288000,1000,524288000,0.01,512,0.3707770923181521,524288,123871940,sharded,1412563.7501644515,1000,0.146484375,ed25519,gossip,direct,shard,2,nonce_hash_set,12284.99999999987,2,2,2,2
memo,1000,350,524288000,1000,524288000,0.01,512,0.37013127925359496,524288,123871856,sharded,1414912.2253490642,1000,0.146484375,ed25519,gossip,direct,shard,3,nonce_hash_set,12284.99999999987,2,2,2,2
memo,1000,350,524288000,1000,524288000,0.01,512,0.36989304221411173,524288,123871896,sharded,1415878.895329001,1000,0.146484375,ed25519,gossip,direct,shard,4,nonce_hash_set,12284.99999999987,2,2,2,2
memo,1000,400,524288000,1000,524288000,0.01,512,0.369932049544332,524288,161421906,sharded,1415743.4389507722,1000,0.146484375,ed25519,gossip,direct,shard,0,nonce_hash_set,16040.000000000642,2,2,2,2
memo,1000,400,524288000,1000,524288000,0.01,512,0.37025365886489114,524288,161421922,sharded,1414535.8228346808,1000,0.146484375,ed25519,gossip,direct,shard,1,nonce_hash_set,16040.000000000642,2,2,2,2
memo,1000,400,524288000,1000,524288000,0.01,512,0.37063093372649486,524288,161421892,sharded,1413054.4872071517,1000,0.146484375,ed25519,gossip,direct,shard,2,nonce_hash_set,16040.000000000642,2,2,2,2
memo,1000,400,524288000,1000,524288000,0.01,512,0.36965390615200605,524288,161421928,sharded,1416839.1765475674,1000,0.146484375,ed25519,gossip,direct,shard,3,nonce_hash_set,16040.000000000642,2,2,2,2
memo,1000,400,524288000,1000,524288000,0.01,512,0.3699340100563172,524288,161421914,sharded,1415747.0082847183,1000,0.146484375,ed25519,gossip,direct,shard,4,nonce_hash_set,16040.000000000642,2,2,2,2
memo,1000,450,524288000,1000,524288000,0.01,512,0.37085224213654067,524288,203971808,sharded,1412095.2673307327,1000,0.146484375,ed25519,gossip,direct,shard,0,nonce_hash_set,20294.999999998985,2,2,2,2
memo,1000,450,524288000,1000,524288000,0.01,512,0.3710979979410071,524288,203971864,sharded,1411237.3844799157,1000,0.146484375,ed25519,gossip,direct,shard,1,nonce_hash_set,20294.999999998985,2,2,2,2
memo,1000,450,524288000,1000,524288000,0.01,512,0.37089570916052783,524288,203971808,sharded,1411929.7772014558,1000,0.146484375,ed25519,gossip,direct,shard,2,nonce_hash_set,20294.999999998985,2,2,2,2
memo,1000,450,524288000,1000,524288000,0.01,512,0.37006650224577253,524288,203971860,sharded,1415165.4278943387,1000,0.146484375,ed25519,gossip,direct,shard,3,nonce_hash_set,20294.999999998985,2,2,2,2
memo,1000,450,524288000,1000,524288000,0.01,512,0.37005070823461605,524288,203971834,sharded,1415189.8546508758,1000,0.146484375,ed25519,gossip,direct,shard,4,nonce_hash_set,20294.999999998985,2,2,2,2
memo,1000,500,524288000,1000,524288000,0.01,512,0.37021147206269633,524288,251521828,sharded,1414567.0124217866,1000,0.146484375,ed25519,gossip,direct,shard,0,nonce_hash_set,25050.00000000067,1,2,2,2
memo,1000,500,524288000,1000,524288000,0.01,512,0.3701851232126957,524288,251521852,sharded,1414700.8919618286,1000,0.146484375,ed25519,gossip,direct,shard,1,nonce_hash_set,25050.00000000067,1,2,2,2
memo,1000,500,524288000,1000,524288000,0.01,512,0.36997437099790403,524288,251521894,sharded,1415564.8851767816,1000,0.146484375,ed25519,gossip,direct,shard,2,nonce_hash_set,25050.00000000067,1,2,2,2
memo,1000,500,524288000,1000,524288000,0.01,512,0.36994595115351225,524288,251521832,sharded,1415587.8240242992,1000,0.146484375,ed25519,gossip,direct,shard,3,nonce_hash_set,25050.00000000067,1,2,2,2
memo,1000,500,524288000,1000,524288000,0.01,512,0.37063841485460125,524288,251521834,sharded,1412945.8442817929,1000,0.146484375,ed25519,gossip,direct,shard,4,nonce_hash_set,25050.00000000067,1,2,2,2
memo,1000,50,524288000,1000,524288000,0.01,512,0.3703655015780837,524288,47407994,sharded,1414000.8336861515,1000,0.146484375,ed25519,gossip,direct,shard,0,nonce_hash_set,4637.30500000002,2,2,3,3
memo,1000,50,524288000,1000,524288000,0.01,512,0.37079973111092546,524288,47380460,sharded,1412367.0436085956,1000,0.146484375,ed25519,gossip,direct,shard,1,nonce_hash_set,4636.330000000004,2,2,3,3
memo,1000,50,524288000,1000,524288000,0.01,512,0.370389527472203,524288,47388562,sharded,1413864.8778057075,1000,0.146484375,ed25519,gossip,direct,shard,2,nonce_hash_set,4636.640000000002,2,2,3,3
memo,1000,50,524288000,1000,524288000,0.01,512,0.37066536201787803,524288,47374570,sharded,1412892.8507075887,1000,0.146484375,ed25519,gossip,direct,shard,3,nonce_hash_set,4635.340000000015,2,2,3,3
memo,1000,50,524288000,1000,524288000,0.01,512,0.3701439452787806,524288,47415722,sharded,1414885.9401321756,1000,0.146484375,ed25519,gossip,direct,shard,4,nonce_hash_set,4639.250000000011,2,2,3,3