currency,nodes,wallets,miners,transactions,interval,shards,average block time,block size,messages,mode,tps,no. of blocks generated,blocktime in configuration file
memo,1000,1000,1000,1000,0.01,16,1135.4439289313111,262144,4124,sharded,220.17908029620003,4,1200.0
memo,1000,1000,1000,1000,0.01,16,36.20330347253528,262144,4124,sharded,6905.474805349101,4,37.5
memo,1000,1000,1000,1000,0.01,16,702.4227254556196,262144,4124,sharded,355.9124597482795,4,600.0
memo,1000,1000,1000,1000,0.01,16,13.77012117540877,262144,4124,sharded,18155.323167849947,4,9.375
memo,1000,1000,1000,1000,0.01,16,8.079710730135169,262144,4124,sharded,30941.825561596266,4,4.6875
memo,1000,1000,1000,1000,0.01,16,299.60560504712345,262144,4124,sharded,834.4336547397991,4,300.0
memo,1000,1000,1000,1000,0.01,16,62.69954016188091,262144,4124,sharded,3987.286020831006,4,75.0
memo,1000,1000,1000,1000,0.01,16,22.73055079675783,262144,4124,sharded,10998.45763683205,4,18.75
memo,1000,1000,1000,1000,0.01,16,147.85832274970886,262144,4124,sharded,1690.8145267087596,4,150.0
memo,1000,1000,1000,1000,0.01,16,9.935521692092424,131072,8248,sharded,12581.221587940065,8,9.375
memo,1000,1000,1000,1000,0.01,16,1122.0014668811837,131072,8248,sharded,111.40894525518227,8,1200.0
memo,1000,1000,1000,1000,0.01,16,24.739926007902586,131072,8248,sharded,5052.602015061459,8,18.75
memo,1000,1000,1000,1000,0.01,16,665.0165874704421,131072,8248,sharded,187.96674001091122,8,600.0
memo,1000,1000,1000,1000,0.01,16,8.255289743749792,131072,8248,sharded,15141.927646408802,8,4.6875
memo,1000,1000,1000,1000,0.01,16,33.33712777635873,131072,8248,sharded,3749.60317033207,8,37.5
memo,1000,1000,1000,1000,0.01,16,75.91943305520157,131072,8248,sharded,1646.4954356167395,8,75.0
memo,1000,1000,1000,1000,0.01,16,147.7622490581164,131072,8248,sharded,845.960323403279,8,150.0
memo,1000,1000,1000,1000,0.01,16,343.44910748666445,131072,8248,sharded,363.9578536533352,8,300.0
memo,1000,1000,1000,1000,0.01,16,6.168185559142868,65536,16496,sharded,10132.801518488226,16,4.6875
memo,1000,1000,1000,1000,0.01,16,77.65622242906562,65536,16496,sharded,804.8421368563347,16,75.0
memo,1000,1000,1000,1000,0.01,16,579.701154800043,65536,16496,sharded,107.81589700568829,16,600.0
memo,1000,1000,1000,1000,0.01,16,11.503282896183045,65536,16496,sharded,5433.318519945183,16,9.375
memo,1000,1000,1000,1000,0.01,16,22.465505552174104,65536,16496,sharded,2782.087403056525,16,18.75
memo,1000,1000,1000,1000,0.01,16,35.07320894298162,65536,16496,sharded,1782.0154437995004,16,37.5
memo,1000,1000,1000,1000,0.01,16,1207.2928591262973,65536,16496,sharded,51.7695433444634,16,1200.0
memo,1000,1000,1000,1000,0.01,16,146.85479769584018,65536,16496,sharded,425.5972632875746,16,150.0
memo,1000,1000,1000,1000,0.01,16,250.76577520193368,65536,16496,sharded,249.24055106670733,16,300.0
memo,1000,1000,1000,1000,0.01,16,9.75983327637504,32768,31961,sharded,3305.288482152286,31,9.375
memo,1000,1000,1000,1000,0.01,16,37.61019031678994,32768,31961,sharded,857.7213846676,31,37.5
memo,1000,1000,1000,1000,0.01,16,1149.1119526457048,32768,31961,sharded,28.073038873067205,31,1200.0
memo,1000,1000,1000,1000,0.01,16,306.34438855427794,32768,31961,sharded,105.30326561021172,31,300.0
memo,1000,1000,1000,1000,0.01,16,5.561579002613974,32768,31961,sharded,5800.34276254407,31,4.6875
memo,1000,1000,1000,1000,0.01,16,159.98765053864614,32768,31961,sharded,201.6347162266542,31,150.0
memo,1000,1000,1000,1000,0.01,16,19.87574953708798,32768,31961,sharded,1623.0363768638706,31,18.75
memo,1000,1000,1000,1000,0.01,16,625.7164722847931,32768,31961,sharded,51.555402398686425,31,600.0
memo,1000,1000,1000,1000,0.01,16,72.65643558940118,32768,31961,sharded,443.99459255657246,31,75.0
memo,1000,1000,1000,1000,0.01,16,1212.0323885736123,16384,63922,sharded,13.30825183396893,62,1200.0
memo,1000,1000,1000,1000,0.01,16,9.525568406264561,16384,63922,sharded,1693.340656443817,62,9.375
memo,1000,1000,1000,1000,0.01,16,5.083256661041676,16384,63922,sharded,3173.1689610886383,62,4.6875
memo,1000,1000,1000,1000,0.01,16,159.2472767245917,16384,63922,sharded,101.2892188163469,62,150.0
memo,1000,1000,1000,1000,0.01,16,35.788858257528794,16384,63922,sharded,450.69982791840783,62,37.5
memo,1000,1000,1000,1000,0.01,16,310.81980781564636,16384,63922,sharded,51.8951233237734,62,300.0
memo,1000,1000,1000,1000,0.01,16,79.38545024227685,16384,63922,sharded,203.18625401553044,62,75.0
memo,1000,1000,1000,1000,0.01,16,19.688184090504578,16384,63922,sharded,819.2747580943169,62,18.75
memo,1000,1000,1000,1000,0.01,16,1155.7632937700253,8192,126813,sharded,7.03524791334214,123,1200.0
memo,1000,1000,1000,1000,0.01,16,35.02145803154475,8192,126813,sharded,232.1742656599028,123,37.5
memo,1000,1000,1000,1000,0.01,16,317.4330981891961,8192,126813,sharded,25.61510235447071,123,300.0
memo,1000,1000,1000,1000,0.01,16,612.2094670971046,8192,126813,sharded,13.281534732495912,123,600.0
memo,1000,1000,1000,1000,0.01,16,9.523249244318691,8192,126813,sharded,853.8137658912779,123,9.375
memo,1000,1000,1000,1000,0.01,16,18.852306103991992,8192,126813,sharded,431.3043325289125,123,18.75
memo,1000,1000,1000,1000,0.01,16,76.39689085091743,8192,126813,sharded,106.43209704279954,123,75.0
memo,1000,1000,1000,1000,0.01,16,5.075844806498303,8192,126813,sharded,1601.9168455275203,123,4.6875
memo,1000,1000,1000,1000,0.01,16,77.27181241501808,4096,252595,sharded,52.83469515550989,245,75.0
memo,1000,1000,1000,1000,0.01,16,9.877725867450662,4096,252595,sharded,413.31706385114626,245,9.375
memo,1000,1000,1000,1000,0.01,16,1232.4698721889729,4096,252595,sharded,3.312561828233672,245,1200.0
memo,1000,1000,1000,1000,0.01,16,146.19402843045603,4096,252595,sharded,27.926124595460603,245,150.0
memo,1000,1000,1000,1000,0.01,16,38.7801046245822,4096,252595,sharded,105.27647340263485,245,37.5
memo,1000,1000,1000,1000,0.01,16,19.302128407512512,4096,252595,sharded,211.5120450381129,245,18.75
memo,1000,1000,1000,1000,0.01,16,4.971366188735162,4096,252595,sharded,821.229516810136,245,4.6875
memo,1000,1000,1000,1000,0.01,16,598.292976327934,4096,252595,sharded,6.8238017402756,245,600.0
memo,1000,1000,1000,1000,0.01,16,299.15007675710405,4096,252595,sharded,13.647439764410064,245,300.0
memo,1000,1000,1000,1000,0.01,16,73.7970969859551,2048,504159,sharded,27.72452926489118,489,75.0
memo,1000,1000,1000,1000,0.01,16,303.39978480562735,2048,504159,sharded,6.743543922952633,489,300.0
memo,1000,1000,1000,1000,0.01,16,153.91745702743552,2048,504159,sharded,13.292772727439425,489,150.0
memo,1000,1000,1000,1000,0.01,16,19.04375456817065,2048,504159,sharded,107.43626041425416,489,18.75
memo,1000,1000,1000,1000,0.01,16,38.00908156465114,2048,504159,sharded,53.828971678019116,489,37.5
memo,1000,1000,1000,1000,0.01,16,5.076334405193828,2048,504159,sharded,403.04471922846136,489,4.6875
memo,1000,1000,1000,1000,0.01,16,599.175610365103,2048,504159,sharded,3.4146746624156092,489,600.0
memo,1000,1000,1000,1000,0.01,16,1177.9309984164577,2048,504159,sharded,1.7369351666622534,489,1200.0
memo,1000,1000,1000,1000,0.01,16,9.881391060864043,2048,504159,sharded,207.0548329125859,489,9.375
memo,1000,1000,1000,1000,0.01,16,148.45586804183725,1024,1007287,sharded,6.901320014781305,977,150.0
memo,1000,1000,1000,1000,0.01,16,5.045804187186334,1024,1007287,sharded,203.04819914150764,977,4.6875
memo,1000,1000,1000,1000,0.01,16,74.9563173009944,1024,1007287,sharded,13.668513746676185,977,75.0
memo,1000,1000,1000,1000,0.01,16,596.5152348304559,1024,1007287,sharded,1.7175444877280683,977,600.0
memo,1000,1000,1000,1000,0.01,16,1218.1413654391392,1024,1007287,sharded,0.8410694214127745,977,1200.0
memo,1000,1000,1000,1000,0.01,16,302.5325301334895,1024,1007287,sharded,3.3865497140978364,977,300.0
memo,1000,1000,1000,1000,0.01,16,37.316856358452945,1024,1007287,sharded,27.455191926872658,977,37.5
memo,1000,1000,1000,1000,0.01,16,19.337985067810795,1024,1007287,sharded,52.98077591001313,977,18.75
memo,1000,1000,1000,1000,0.01,16,9.541299713759857,1024,1007287,sharded,107.37965310442299,977,9.375
memo,1000,1000,1000,1000,0.01,2,35.41806338630045,262144,4012,sharded,7058.573397231517,4,9.375
memo,1000,1000,1000,1000,0.01,2,166.53362918547728,262144,4012,sharded,1501.204298631844,4,150.0
memo,1000,1000,1000,1000,0.01,2,582.2723731478429,262144,4012,sharded,429.354047227865,4,600.0
memo,1000,1000,1000,1000,0.01,2,345.4165987773352,262144,4012,sharded,723.7666078727078,4,300.0
memo,1000,1000,1000,1000,0.01,2,79.58690055334925,262144,4012,sharded,3141.233020280989,4,75.0
memo,1000,1000,1000,1000,0.01,2,73.02844232465903,262144,4012,sharded,3423.337429115393,4,37.5
memo,1000,1000,1000,1000,0.01,2,947.3690830546903,262144,4012,sharded,263.88976004357085,4,1200.0
memo,1000,1000,1000,1000,0.01,2,42.75189091319956,262144,4012,sharded,5847.717952583302,4,18.75
memo,1000,1000,1000,1000,0.01,2,38.742764825151916,131072,8024,sharded,3226.4346792010306,8,37.5
memo,1000,1000,1000,1000,0.01,2,336.55761885997515,131072,8024,sharded,371.4104004640189,8,300.0
memo,1000,1000,1000,1000,0.01,2,19.403005624489197,131072,8024,sharded,6442.352407620393,8,4.6875
memo,1000,1000,1000,1000,0.01,2,24.892396796885482,131072,8024,sharded,5021.653841531243,8,9.375
memo,1000,1000,1000,1000,0.01,2,31.42311585730073,131072,8024,sharded,3977.9950711335246,8,18.75
memo,1000,1000,1000,1000,0.01,2,1577.3435822639904,131072,8024,sharded,79.24779445996398,8,1200.0
memo,1000,1000,1000,1000,0.01,2,591.5181591158288,131072,8024,sharded,211.32233740185615,8,600.0
memo,1000,1000,1000,1000,0.01,2,151.40603607940008,131072,8024,sharded,825.6011664848501,8,150.0
memo,1000,1000,1000,1000,0.01,2,67.42556639514865,131072,8024,sharded,1853.9110115505678,8,75.0
memo,1000,1000,1000,1000,0.01,2,45.507966525363564,65536,16048,sharded,1373.4078837639445,16,37.5
memo,1000,1000,1000,1000,0.01,2,14.99922109286833,65536,16048,sharded,4166.949711123154,16,9.375
memo,1000,1000,1000,1000,0.01,2,1656.1027194303997,65536,16048,sharded,37.739808809381465,16,1200.0
memo,1000,1000,1000,1000,0.01,2,11.676961873318817,65536,16048,sharded,5352.505273037773,16,4.6875
memo,1000,1000,1000,1000,0.01,2,25.682904838922347,65536,16048,sharded,2433.5642869057383,16,18.75
memo,1000,1000,1000,1000,0.01,2,575.9164992056691,65536,16048,sharded,108.52441297688866,16,600.0
memo,1000,1000,1000,1000,0.01,2,96.71760614906269,65536,16048,sharded,646.2215359597764,16,75.0
memo,1000,1000,1000,1000,0.01,2,227.72467156411557,65536,16048,sharded,274.45862396338083,16,150.0
memo,1000,1000,1000,1000,0.01,2,12.321401058762017,32768,31093,sharded,2618.132821282439,31,9.375
memo,1000,1000,1000,1000,0.01,2,52.289905000023424,32768,31093,sharded,616.9271968674371,31,37.5
memo,1000,1000,1000,1000,0.01,2,649.7338412043605,32768,31093,sharded,49.64966032296078,31,600.0
memo,1000,1000,1000,1000,0.01,2,918.3882098063941,32768,31093,sharded,35.12573895404165,31,1200.0
memo,1000,1000,1000,1000,0.01,2,7.009053392268464,32768,31093,sharded,4602.485201741125,31,4.6875
memo,1000,1000,1000,1000,0.01,2,23.951010822610886,32768,31093,sharded,1346.8769545907828,31,18.75
memo,1000,1000,1000,1000,0.01,2,85.36462048996555,32768,31093,sharded,377.897357605204,31,75.0
memo,1000,1000,1000,1000,0.01,2,351.725461990381,32768,31093,sharded,91.71660286854994,31,300.0
memo,1000,1000,1000,1000,0.01,2,128.49981160771733,32768,31093,sharded,251.04367167952833,31,150.0
memo,1000,1000,1000,1000,0.01,2,303.51108833804443,16384,62186,sharded,53.14478738285573,62,300.0
memo,1000,1000,1000,1000,0.01,2,1422.1550666439632,16384,62186,sharded,11.341964485018197,62,1200.0
memo,1000,1000,1000,1000,0.01,2,644.1431288939438,16384,62186,sharded,25.041068567728644,62,600.0
memo,1000,1000,1000,1000,0.01,2,17.125988750398474,16384,62186,sharded,941.8453143436298,62,18.75
memo,1000,1000,1000,1000,0.01,2,9.650994032647542,16384,62186,sharded,1671.3337717855359,62,9.375
memo,1000,1000,1000,1000,0.01,2,37.18584687023583,16384,62186,sharded,433.76804928907677,62,37.5
memo,1000,1000,1000,1000,0.01,2,85.32486133640288,16384,62186,sharded,189.04258390142644,62,75.0
memo,1000,1000,1000,1000,0.01,2,6.202502789522928,16384,62186,sharded,2600.568319825806,62,4.6875
memo,1000,1000,1000,1000,0.01,2,160.45634236587304,16384,62186,sharded,100.52598744451477,62,150.0
memo,1000,1000,1000,1000,0.01,2,10.471363629874036,8192,123369,sharded,776.5064406335414,123,9.375
memo,1000,1000,1000,1000,0.01,2,1174.1826131622965,8192,123369,sharded,6.924886478189677,123,1200.0
memo,1000,1000,1000,1000,0.01,2,75.8808813327283,8192,123369,sharded,107.15586268903785,123,75.0
memo,1000,1000,1000,1000,0.01,2,37.15651207464,8192,123369,sharded,218.8332770438542,123,37.5
memo,1000,1000,1000,1000,0.01,2,21.8262749190641,8192,123369,sharded,372.53637329157516,123,18.75
memo,1000,1000,1000,1000,0.01,2,274.9422393688433,8192,123369,sharded,29.57378000367895,123,300.0
memo,1000,1000,1000,1000,0.01,2,5.606467103551903,8192,123369,sharded,1450.3039348365512,123,4.6875
memo,1000,1000,1000,1000,0.01,2,142.1974660517627,8192,123369,sharded,57.18161881909438,123,150.0
memo,1000,1000,1000,1000,0.01,2,619.4731447613102,8192,123369,sharded,13.12580112564202,123,600.0
memo,1000,1000,1000,1000,0.01,2,1189.8857516443684,4096,245735,sharded,3.431113153022641,245,1200.0
memo,1000,1000,1000,1000,0.01,2,79.74149711810165,4096,245735,sharded,51.19834465879937,245,75.0
memo,1000,1000,1000,1000,0.01,2,36.09101069497769,4096,245735,sharded,113.12048552936066,245,37.5
memo,1000,1000,1000,1000,0.01,2,10.35743212611041,4096,245735,sharded,394.1742126187025,245,9.375
memo,1000,1000,1000,1000,0.01,2,151.3568223758909,4096,245735,sharded,26.973562135984245,245,150.0
memo,1000,1000,1000,1000,0.01,2,574.5184587332986,4096,245735,sharded,7.106181865875353,245,600.0
memo,1000,1000,1000,1000,0.01,2,312.5719072693253,4096,245735,sharded,13.06141901467637,245,300.0
memo,1000,1000,1000,1000,0.01,2,4.865750553283119,4096,245735,sharded,839.0550662952721,245,4.6875
memo,1000,1000,1000,1000,0.01,2,19.549006926426713,4096,245735,sharded,208.84092314388846,245,18.75
memo,1000,1000,1000,1000,0.01,2,9.618367875753183,2048,490467,sharded,212.71693924380182,489,9.375
memo,1000,1000,1000,1000,0.01,2,298.31089371554435,2048,490467,sharded,6.858582164290946,489,300.0
memo,1000,1000,1000,1000,0.01,2,621.0380858333655,2048,490467,sharded,3.29446747586443,489,600.0
memo,1000,1000,1000,1000,0.01,2,38.73492257460605,2048,490467,sharded,52.82028823241899,489,37.5
memo,1000,1000,1000,1000,0.01,2,157.19295386999943,2048,490467,sharded,13.015785534147952,489,150.0
memo,1000,1000,1000,1000,0.01,2,1217.1240642800285,2048,490467,sharded,1.6810034696515506,489,1200.0
memo,1000,1000,1000,1000,0.01,2,5.20294803630535,2048,490467,sharded,393.23663445695234,489,4.6875
memo,1000,1000,1000,1000,0.01,2,19.60495893006743,2048,490467,sharded,104.36082943857959,489,18.75
memo,1000,1000,1000,1000,0.01,2,152.49419618763858,1024,979931,sharded,6.718560306178491,977,150.0
memo,1000,1000,1000,1000,0.01,2,18.374726128783156,1024,979931,sharded,55.75818906078645,977,18.75
memo,1000,1000,1000,1000,0.01,2,299.30603241222616,1024,979931,sharded,3.4230564789211813,977,300.0
memo,1000,1000,1000,1000,0.01,2,9.605564491268849,1024,979931,sharded,106.66124352817987,977,9.375
memo,1000,1000,1000,1000,0.01,2,5.0830757004731995,1024,979931,sharded,201.55935378524583,977,4.6875
memo,1000,1000,1000,1000,0.01,2,75.63325414600689,1024,979931,sharded,13.546177075113397,977,75.0
memo,1000,1000,1000,1000,0.01,2,36.335469967338426,1024,979931,sharded,28.196730477129194,977,37.5
memo,1000,1000,1000,1000,0.01,2,598.2179844884082,1024,979931,sharded,1.7126557208156228,977,600.0
memo,1000,1000,1000,1000,0.01,2,1229.560580571542,1024,979931,sharded,0.8332582140463725,977,1200.0
memo,1000,1000,1000,1000,0.01,4,75.12860137786939,262144,4028,sharded,3327.6408107557654,4,75.0
memo,1000,1000,1000,1000,0.01,4,18.91980892771421,262144,4028,sharded,13213.716954286587,4,4.6875
memo,1000,1000,1000,1000,0.01,4,24.308681185406837,262144,4028,sharded,10284.432877834706,4,9.375
memo,1000,1000,1000,1000,0.01,4,49.68311203991406,262144,4028,sharded,5031.911040499154,4,37.5
memo,1000,1000,1000,1000,0.01,4,894.3772122476438,262144,4028,sharded,279.525234516795,4,1200.0
memo,1000,1000,1000,1000,0.01,4,376.79841107121484,262144,4028,sharded,663.4874050802456,4,300.0
memo,1000,1000,1000,1000,0.01,4,26.54147530887345,262144,4028,sharded,9419.257863047977,4,18.75
memo,1000,1000,1000,1000,0.01,4,195.2058536415546,262144,4028,sharded,1280.704422209913,4,150.0
memo,1000,1000,1000,1000,0.01,4,594.935589043286,262144,4028,sharded,420.21523775712564,4,600.0
memo,1000,1000,1000,1000,0.01,4,16.031414443445172,131072,8056,sharded,7797.25335159741,8,9.375
memo,1000,1000,1000,1000,0.01,4,44.55760898052086,131072,8056,sharded,2805.379437093368,8,37.5
memo,1000,1000,1000,1000,0.01,4,102.3473719743041,131072,8056,sharded,1221.3405932043224,8,75.0
memo,1000,1000,1000,1000,0.01,4,1427.271126905694,131072,8056,sharded,87.58041667318011,8,1200.0
memo,1000,1000,1000,1000,0.01,4,8.658074471789048,131072,8056,sharded,14437.505753420784,8,4.6875
memo,1000,1000,1000,1000,0.01,4,164.18035773354802,131072,8056,sharded,761.3639154256621,8,150.0
memo,1000,1000,1000,1000,0.01,4,244.79706616183628,131072,8056,sharded,510.6311197265794,8,300.0
memo,1000,1000,1000,1000,0.01,4,30.93772340460522,131072,8056,sharded,4040.4071872138156,8,18.75
memo,1000,1000,1000,1000,0.01,4,504.4118580024638,131072,8056,sharded,247.81534774979343,8,600.0
memo,1000,1000,1000,1000,0.01,4,11.667929345761271,65536,16112,sharded,5356.648823272604,16,9.375
memo,1000,1000,1000,1000,0.01,4,35.05195056700487,65536,16112,sharded,1783.0962040336062,16,37.5
memo,1000,1000,1000,1000,0.01,4,1195.641169985981,65536,16112,sharded,52.274044729266755,16,1200.0
memo,1000,1000,1000,1000,0.01,4,492.5188983920934,65536,16112,sharded,126.90071427521767,16,600.0
memo,1000,1000,1000,1000,0.01,4,8.654847378203732,65536,16112,sharded,7221.502271363191,16,4.6875
memo,1000,1000,1000,1000,0.01,4,78.00829902234008,65536,16112,sharded,801.2096249156889,16,75.0
memo,1000,1000,1000,1000,0.01,4,295.9384106128773,65536,16112,sharded,211.1959710487151,16,300.0
memo,1000,1000,1000,1000,0.01,4,23.857513703568408,65536,16112,sharded,2619.761672426562,16,18.75
memo,1000,1000,1000,1000,0.01,4,137.5808315574356,65536,16112,sharded,454.28566823211725,16,150.0
memo,1000,1000,1000,1000,0.01,4,11.009707092042328,32768,31217,sharded,2930.056562489792,31,9.375
memo,1000,1000,1000,1000,0.01,4,1129.3084229984308,32768,31217,sharded,28.565327114516577,31,1200.0
memo,1000,1000,1000,1000,0.01,4,40.12374539954557,32768,31217,sharded,803.9893632784938,31,37.5
memo,1000,1000,1000,1000,0.01,4,664.1584530676614,32768,31217,sharded,48.57133770883833,31,600.0
memo,1000,1000,1000,1000,0.01,4,7.525790287974399,32768,31217,sharded,4286.4687005265605,31,4.6875
memo,1000,1000,1000,1000,0.01,4,78.59771692701034,32768,31217,sharded,410.4325898688173,31,75.0
memo,1000,1000,1000,1000,0.01,4,24.708608530587053,32768,31217,sharded,1305.5799753432166,31,18.75
memo,1000,1000,1000,1000,0.01,4,302.3121496404842,32768,31217,sharded,106.70780037948249,31,300.0
memo,1000,1000,1000,1000,0.01,4,187.9118351673714,32768,31217,sharded,171.67127598640164,31,150.0
memo,1000,1000,1000,1000,0.01,4,1173.4388306793207,16384,62434,sharded,13.74595065064159,62,1200.0
memo,1000,1000,1000,1000,0.01,4,651.716973981355,16384,62434,sharded,24.750057006380782,62,600.0
memo,1000,1000,1000,1000,0.01,4,35.91502657024144,16384,62434,sharded,449.11653417596466,62,37.5
memo,1000,1000,1000,1000,0.01,4,10.531748731018928,16384,62434,sharded,1531.5625799689928,62,9.375
memo,1000,1000,1000,1000,0.01,4,5.424055387306814,16384,62434,sharded,2973.7956392944398,62,4.6875
memo,1000,1000,1000,1000,0.01,4,77.32569788148487,16384,62434,sharded,208.59859917186398,62,75.0
memo,1000,1000,1000,1000,0.01,4,19.80298119676484,16384,62434,sharded,814.5254544148956,62,18.75
memo,1000,1000,1000,1000,0.01,4,170.73253073136274,16384,62434,sharded,94.47544758440992,62,150.0
memo,1000,1000,1000,1000,0.01,4,302.1668815646723,16384,62434,sharded,53.381205029950415,62,300.0
memo,1000,1000,1000,1000,0.01,4,1125.2271928378402,8192,123861,sharded,7.226168504074538,123,1200.0
memo,1000,1000,1000,1000,0.01,4,37.98200120026206,8192,123861,sharded,214.07722194366386,123,37.5
memo,1000,1000,1000,1000,0.01,4,289.2417884333455,8192,123861,sharded,28.111710084681555,123,300.0
memo,1000,1000,1000,1000,0.01,4,10.301089683546513,8192,123861,sharded,789.3418609684016,123,9.375
memo,1000,1000,1000,1000,0.01,4,5.612889446056774,8192,123861,sharded,1448.6444778500565,123,4.6875
memo,1000,1000,1000,1000,0.01,4,74.48512689048101,8192,123861,sharded,109.1638242459937,123,75.0
memo,1000,1000,1000,1000,0.01,4,617.4805567152503,8192,123861,sharded,13.16815762437462,123,600.0
memo,1000,1000,1000,1000,0.01,4,160.8812382431865,8192,123861,sharded,50.54089208663441,123,150.0
memo,1000,1000,1000,1000,0.01,4,18.37997621919456,8192,123861,sharded,442.38802073756574,123,18.75
memo,1000,1000,1000,1000,0.01,4,10.105919881664096,4096,246715,sharded,403.98426871250393,245,9.375
memo,1000,1000,1000,1000,0.01,4,159.7467912548042,4096,246715,sharded,25.55689927160552,245,150.0
memo,1000,1000,1000,1000,0.01,4,37.73088604826276,4096,246715,sharded,108.20399626552637,245,37.5
memo,1000,1000,1000,1000,0.01,4,1247.1577011855434,4096,246715,sharded,3.2735496474746455,245,1200.0
memo,1000,1000,1000,1000,0.01,4,17.807193968633424,4096,246715,sharded,229.2687247778959,245,18.75
memo,1000,1000,1000,1000,0.01,4,304.3449655870301,4096,246715,sharded,13.41449051140542,245,300.0
memo,1000,1000,1000,1000,0.01,4,5.224808506654968,4096,246715,sharded,781.3937387104377,245,4.6875
memo,1000,1000,1000,1000,0.01,4,597.8486484794585,4096,246715,sharded,6.828873266578105,245,600.0
memo,1000,1000,1000,1000,0.01,4,79.83177249158733,4096,246715,sharded,51.14044854123027,245,75.0
memo,1000,1000,1000,1000,0.01,4,9.608823535349247,2048,492423,sharded,212.92822867693138,489,9.375
memo,1000,1000,1000,1000,0.01,4,576.1418045880991,2048,492423,sharded,3.551191319147312,489,600.0
memo,1000,1000,1000,1000,0.01,4,1222.8175261746933,2048,492423,sharded,1.6731766852013799,489,1200.0
memo,1000,1000,1000,1000,0.01,4,5.1319885549359645,2048,492423,sharded,398.67387722119616,489,4.6875
memo,1000,1000,1000,1000,0.01,4,36.786992942596136,2048,492423,sharded,55.617206283856014,489,37.5
memo,1000,1000,1000,1000,0.01,4,18.249330714859937,2048,492423,sharded,112.11314031287353,489,18.75
memo,1000,1000,1000,1000,0.01,4,148.04063057816848,2048,492423,sharded,13.820461092745754,489,150.0
memo,1000,1000,1000,1000,0.01,4,306.66098027195164,2048,492423,sharded,6.671829501218935,489,300.0
memo,1000,1000,1000,1000,0.01,4,75.62781873657704,2048,492423,sharded,27.05340189934093,489,75.0
memo,1000,1000,1000,1000,0.01,4,37.30978044908443,1024,983839,sharded,27.460398884604153,977,37.5
memo,1000,1000,1000,1000,0.01,4,1172.0399044922344,1024,983839,sharded,0.8741523641831361,977,1200.0
memo,1000,1000,1000,1000,0.01,4,19.232966425815274,1024,983839,sharded,53.27006925222322,977,18.75
memo,1000,1000,1000,1000,0.01,4,75.93791125536583,1024,983839,sharded,13.491830845643243,977,75.0
memo,1000,1000,1000,1000,0.01,4,5.084690357789036,1024,983839,sharded,201.4953480617378,977,4.6875
memo,1000,1000,1000,1000,0.01,4,9.361783792004916,1024,983839,sharded,109.43870059291858,977,9.375
memo,1000,1000,1000,1000,0.01,4,293.36302507562124,1024,983839,sharded,3.4924014475401735,977,300.0
memo,1000,1000,1000,1000,0.01,4,149.90926990098288,1024,983839,sharded,6.8344102676611485,977,150.0
memo,1000,1000,1000,1000,0.01,4,603.3165316291514,1024,983839,sharded,1.6981822968819829,977,600.0
memo,1000,1000,1000,1000,0.01,8,13.871630670576991,262144,4060,sharded,18022.466567703188,4,9.375
memo,1000,1000,1000,1000,0.01,8,140.60991720555484,262144,4060,sharded,1777.9755864199003,4,150.0
memo,1000,1000,1000,1000,0.01,8,449.39256449920623,262144,4060,sharded,556.308714806165,4,600.0
memo,1000,1000,1000,1000,0.01,8,353.73981717920293,262144,4060,sharded,706.7369514508192,4,300.0
memo,1000,1000,1000,1000,0.01,8,86.83062270876462,262144,4060,sharded,2879.180088786408,4,75.0
memo,1000,1000,1000,1000,0.01,8,23.057896879705496,262144,4060,sharded,10842.315815022983,4,18.75
memo,1000,1000,1000,1000,0.01,8,13.204423218452652,262144,4060,sharded,18933.125352316307,4,4.6875
memo,1000,1000,1000,1000,0.01,8,38.714594795385885,262144,4060,sharded,6457.538851208533,4,37.5
memo,1000,1000,1000,1000,0.01,8,1381.8094847787643,262144,4060,sharded,180.92291502835255,4,1200.0
memo,1000,1000,1000,1000,0.01,8,14.65214108761388,131072,8120,sharded,8531.244631930895,8,9.375
memo,1000,1000,1000,1000,0.01,8,47.49414746163596,131072,8120,sharded,2631.92428290183,8,37.5
memo,1000,1000,1000,1000,0.01,8,249.9328998827061,131072,8120,sharded,500.1382373375541,8,300.0
memo,1000,1000,1000,1000,0.01,8,1099.951781185987,131072,8120,sharded,113.64225426792959,8,1200.0
memo,1000,1000,1000,1000,0.01,8,26.641919208254553,131072,8120,sharded,4691.891714815745,8,18.75
memo,1000,1000,1000,1000,0.01,8,7.815842134929615,131072,8120,sharded,15993.286179791256,8,4.6875
memo,1000,1000,1000,1000,0.01,8,118.71899693956432,131072,8120,sharded,1052.9148933395522,8,75.0
memo,1000,1000,1000,1000,0.01,8,597.2203714492678,131072,8120,sharded,209.30464862854816,8,600.0
memo,1000,1000,1000,1000,0.01,8,162.5274607097627,131072,8120,sharded,769.1069524750868,8,150.0
memo,1000,1000,1000,1000,0.01,8,6.865699558089291,65536,16240,sharded,9103.369506805784,16,4.6875
memo,1000,1000,1000,1000,0.01,8,38.32424139153571,65536,16240,sharded,1630.8476757951946,16,37.5
memo,1000,1000,1000,1000,0.01,8,63.45098205380812,65536,16240,sharded,985.0280953413376,16,75.0
memo,1000,1000,1000,1000,0.01,8,1531.4926328072333,65536,16240,sharded,40.81051299961879,16,1200.0
memo,1000,1000,1000,1000,0.01,8,11.161279191488461,65536,16240,sharded,5599.806162689933,16,9.375
memo,1000,1000,1000,1000,0.01,8,21.671739762520975,65536,16240,sharded,2883.986273593456,16,18.75
memo,1000,1000,1000,1000,0.01,8,679.3636672826002,65536,16240,sharded,91.99932673762045,16,600.0
memo,1000,1000,1000,1000,0.01,8,298.2129540055232,65536,16240,sharded,209.5851275422543,16,300.0
memo,1000,1000,1000,1000,0.01,8,146.2105675727829,65536,16240,sharded,427.47252156645453,16,150.0
memo,1000,1000,1000,1000,0.01,8,10.536171840523737,32768,31465,sharded,3061.7443417215077,31,9.375
memo,1000,1000,1000,1000,0.01,8,32.8893728211979,32768,31465,sharded,980.835502443433,31,37.5
memo,1000,1000,1000,1000,0.01,8,317.87590455438107,32768,31465,sharded,101.48320163288837,31,300.0
memo,1000,1000,1000,1000,0.01,8,1207.8365341605727,32768,31465,sharded,26.708137735334006,31,1200.0
memo,1000,1000,1000,1000,0.01,8,6.463615380080253,32768,31465,sharded,4990.870065620844,31,4.6875
memo,1000,1000,1000,1000,0.01,8,19.614793616530623,32768,31465,sharded,1644.6293112634276,31,18.75
memo,1000,1000,1000,1000,0.01,8,81.74120136110724,32768,31465,sharded,394.6487692738758,31,75.0
memo,1000,1000,1000,1000,0.01,8,146.72006213507441,32768,31465,sharded,219.86812196433286,31,150.0
memo,1000,1000,1000,1000,0.01,8,584.2822990555085,32768,31465,sharded,55.211435582210456,31,600.0
memo,1000,1000,1000,1000,0.01,8,10.017076886005752,16384,62930,sharded,1610.253414406632,62,9.375
memo,1000,1000,1000,1000,0.01,8,307.07797591607334,16384,62930,sharded,52.52748006412864,62,300.0
memo,1000,1000,1000,1000,0.01,8,1257.8886466553943,16384,62930,sharded,12.823100280738467,62,1200.0
memo,1000,1000,1000,1000,0.01,8,37.15336378136866,16384,62930,sharded,434.1472915610742,62,37.5
memo,1000,1000,1000,1000,0.01,8,597.4730195581627,16384,62930,sharded,26.997088956406493,62,600.0
memo,1000,1000,1000,1000,0.01,8,67.7845643815219,16384,62930,sharded,237.96025548349718,62,75.0
memo,1000,1000,1000,1000,0.01,8,20.359456426612024,16384,62930,sharded,792.2624219466297,62,18.75
memo,1000,1000,1000,1000,0.01,8,5.236047427671296,16384,62930,sharded,3080.574131704965,62,4.6875
memo,1000,1000,1000,1000,0.01,8,165.41045388430135,16384,62930,sharded,97.5151925364215,62,150.0
memo,1000,1000,1000,1000,0.01,8,582.4044083473622,8192,124845,sharded,13.961228974701383,123,600.0
memo,1000,1000,1000,1000,0.01,8,285.8410321418088,8192,124845,sharded,28.446165478366634,123,300.0
memo,1000,1000,1000,1000,0.01,8,19.60391473921261,8192,124845,sharded,414.7682444541989,123,18.75
memo,1000,1000,1000,1000,0.01,8,73.022224574038,8192,124845,sharded,111.35077503108411,123,75.0
memo,1000,1000,1000,1000,0.01,8,5.2673813129312705,8192,124845,sharded,1543.6667326231795,123,4.6875
memo,1000,1000,1000,1000,0.01,8,9.046368838152068,8192,124845,sharded,898.8226598191602,123,9.375
memo,1000,1000,1000,1000,0.01,8,157.17803536015032,8192,124845,sharded,51.73166391971902,123,150.0
memo,1000,1000,1000,1000,0.01,8,1299.5227863515925,8192,124845,sharded,6.256974780443059,123,1200.0
memo,1000,1000,1000,1000,0.01,8,38.355215075743004,8192,124845,sharded,211.9941521578209,123,37.5
memo,1000,1000,1000,1000,0.01,8,73.7145537258714,4096,248675,sharded,55.38435012770557,245,75.0
memo,1000,1000,1000,1000,0.01,8,294.1531743262449,4096,248675,sharded,13.879274505238492,245,300.0
memo,1000,1000,1000,1000,0.01,8,566.0009255546404,4096,248675,sharded,7.213120100573222,245,600.0
memo,1000,1000,1000,1000,0.01,8,19.094863592736765,4096,248675,sharded,213.80789829858546,245,18.75
memo,1000,1000,1000,1000,0.01,8,5.255243225017354,4096,248675,sharded,776.8684489475257,245,4.6875
memo,1000,1000,1000,1000,0.01,8,39.614012079714946,4096,248675,sharded,103.06031726465314,245,37.5
memo,1000,1000,1000,1000,0.01,8,1211.3639691240985,4096,248675,sharded,3.370277436940159,245,1200.0
memo,1000,1000,1000,1000,0.01,8,144.1082841888824,4096,248675,sharded,28.33031200142614,245,150.0
memo,1000,1000,1000,1000,0.01,8,9.894444233007253,4096,248675,sharded,412.61869357369415,245,9.375
memo,1000,1000,1000,1000,0.01,8,307.84364347322315,2048,496335,sharded,6.6461978943836435,489,300.0
memo,1000,1000,1000,1000,0.01,8,19.89491294296171,2048,496335,sharded,102.83984558851469,489,18.75
memo,1000,1000,1000,1000,0.01,8,151.03962567139803,2048,496335,sharded,13.546046383234438,489,150.0
memo,1000,1000,1000,1000,0.01,8,586.2504080661981,2048,496335,sharded,3.4899588075341623,489,600.0
memo,1000,1000,1000,1000,0.01,8,74.72026664998205,2048,496335,sharded,27.38199242028021,489,75.0
memo,1000,1000,1000,1000,0.01,8,1216.9008336295658,2048,496335,sharded,1.681311836190212,489,1200.0
memo,1000,1000,1000,1000,0.01,8,37.40971698188963,2048,496335,sharded,54.6913994575689,489,37.5
memo,1000,1000,1000,1000,0.01,8,4.981760733374533,2048,496335,sharded,410.6961141959978,489,4.6875
memo,1000,1000,1000,1000,0.01,8,9.868932709700353,2048,496335,sharded,207.31621495808602,489,9.375
memo,1000,1000,1000,1000,0.01,8,299.7786365425877,1024,991655,sharded,3.417659994871961,977,300.0
memo,1000,1000,1000,1000,0.01,8,74.43116260221268,1024,991655,sharded,13.764952979498489,977,75.0
memo,1000,1000,1000,1000,0.01,8,19.289211186004277,1024,991655,sharded,53.1147408543198,977,18.75
memo,1000,1000,1000,1000,0.01,8,605.38708837554,1024,991655,sharded,1.6923741406148223,977,600.0
memo,1000,1000,1000,1000,0.01,8,38.80879797237492,1024,991655,sharded,26.399721376533186,977,37.5
memo,1000,1000,1000,1000,0.01,8,5.12987486180056,1024,991655,sharded,199.72055479522066,977,4.6875
memo,1000,1000,1000,1000,0.01,8,1218.4062708551817,1024,991655,sharded,0.840886556427318,977,1200.0
memo,1000,1000,1000,1000,0.01,8,9.581548419247433,1024,991655,sharded,106.92858905464206,977,9.375
memo,1000,1000,1000,1000,0.01,8,153.14240580531774,1024,991655,sharded,6.690122491162325,977,150.0
memo,1000,1000,1000,1000,0.01,32,35.520544268385535,262144,4252,sharded,7038.208595877547,4,37.5
memo,1000,1000,1000,1000,0.01,32,13.256970454656944,262144,4252,sharded,18858.079291575927,4,9.375
memo,1000,1000,1000,1000,0.01,32,832.5854064978856,262144,4252,sharded,300.27069661427566,4,1200.0
memo,1000,1000,1000,1000,0.01,32,689.1258695049199,262144,4252,sharded,362.7798796460871,4,600.0
memo,1000,1000,1000,1000,0.01,32,54.667322946075856,262144,4252,sharded,4573.134123406818,4,75.0
memo,1000,1000,1000,1000,0.01,32,20.882381864027877,262144,4252,sharded,11971.862291755775,4,18.75
memo,1000,1000,1000,1000,0.01,32,6.040392258776538,262144,4252,sharded,41388.20614451898,4,4.6875
memo,1000,1000,1000,1000,0.01,32,312.13597735820105,262144,4252,sharded,800.9361885032042,4,300.0
memo,1000,1000,1000,1000,0.01,32,116.70332999093552,262144,4252,sharded,2142.1925151528912,4,150.0
memo,1000,1000,1000,1000,0.01,32,8.650688780462573,131072,8504,sharded,14449.832050635383,8,9.375
memo,1000,1000,1000,1000,0.01,32,35.60144700222378,131072,8504,sharded,3511.121331450153,8,37.5
memo,1000,1000,1000,1000,0.01,32,1016.2554032857598,131072,8504,sharded,123.00156003682383,8,1200.0
memo,1000,1000,1000,1000,0.01,32,356.0273393862325,131072,8504,sharded,351.09944145158465,8,300.0
memo,1000,1000,1000,1000,0.01,32,5.288117517749226,131072,8504,sharded,23638.0904131654,8,4.6875
memo,1000,1000,1000,1000,0.01,32,81.40313970424224,131072,8504,sharded,1535.5795913297643,8,75.0
memo,1000,1000,1000,1000,0.01,32,19.84040624288352,131072,8504,sharded,6300.324623888996,8,18.75
memo,1000,1000,1000,1000,0.01,32,610.7791711474102,131072,8504,sharded,204.65825605213914,8,600.0
memo,1000,1000,1000,1000,0.01,32,145.08027035376378,131072,8504,sharded,861.5988907051077,8,150.0
memo,1000,1000,1000,1000,0.01,32,10.279840764343984,65536,17008,sharded,6079.957990865683,16,9.375
memo,1000,1000,1000,1000,0.01,32,38.47820166749797,65536,17008,sharded,1624.3222731688568,16,37.5
memo,1000,1000,1000,1000,0.01,32,625.7229282923525,65536,17008,sharded,99.8860632621697,16,600.0
memo,1000,1000,1000,1000,0.01,32,1121.1137955164859,65536,17008,sharded,55.74902409545894,16,1200.0
memo,1000,1000,1000,1000,0.01,32,4.796266688846569,65536,17008,sharded,13031.176966314724,16,4.6875
memo,1000,1000,1000,1000,0.01,32,19.14573083106408,65536,17008,sharded,3264.487553465011,16,18.75
memo,1000,1000,1000,1000,0.01,32,81.15756801733244,65536,17008,sharded,770.1191832984936,16,75.0
memo,1000,1000,1000,1000,0.01,32,308.6525447519495,65536,17008,sharded,202.49630551476355,16,300.0
memo,1000,1000,1000,1000,0.01,32,168.86573188363582,65536,17008,sharded,370.12245944055127,16,150.0
memo,1000,1000,1000,1000,0.01,32,9.179223668244594,32768,32953,sharded,3514.356516633193,31,9.375
memo,1000,1000,1000,1000,0.01,32,1213.001791603831,32768,32953,sharded,26.59440797154644,31,1200.0
memo,1000,1000,1000,1000,0.01,32,556.9593457896304,32768,32953,sharded,57.919962668718064,31,600.0
memo,1000,1000,1000,1000,0.01,32,36.513006192599995,32768,32953,sharded,883.4951673375746,31,37.5
memo,1000,1000,1000,1000,0.01,32,5.201134740474092,32768,32953,sharded,6202.312788610541,31,4.6875
memo,1000,1000,1000,1000,0.01,32,18.75377026203916,32768,32953,sharded,1720.1375544962764,31,18.75
memo,1000,1000,1000,1000,0.01,32,72.23298079041129,32768,32953,sharded,446.5974429288861,31,75.0
memo,1000,1000,1000,1000,0.01,32,143.83471818101424,32768,32953,sharded,224.27870631019272,31,150.0
memo,1000,1000,1000,1000,0.01,32,326.9663643408825,32768,32953,sharded,98.66172192102604,31,300.0
memo,1000,1000,1000,1000,0.01,32,35.98881427332609,16384,65906,sharded,448.1957125778286,62,37.5
memo,1000,1000,1000,1000,0.01,32,603.4987237613842,16384,65906,sharded,26.72753333682629,62,600.0
memo,1000,1000,1000,1000,0.01,32,9.476405180464324,16384,65906,sharded,1702.1256426768973,62,9.375
memo,1000,1000,1000,1000,0.01,32,1185.525710835819,16384,65906,sharded,13.605805517868125,62,1200.0
memo,1000,1000,1000,1000,0.01,32,5.3157565009485195,16384,65906,sharded,3034.381325628129,62,4.6875
memo,1000,1000,1000,1000,0.01,32,152.6794972016364,16384,65906,sharded,105.6463543154217,62,150.0
memo,1000,1000,1000,1000,0.01,32,80.13833593786174,16384,65906,sharded,201.2773545806035,62,75.0
memo,1000,1000,1000,1000,0.01,32,18.094017566887032,16384,65906,sharded,891.4566484992969,62,18.75
memo,1000,1000,1000,1000,0.01,32,300.18212126288637,16384,65906,sharded,53.73415375374251,62,300.0
memo,1000,1000,1000,1000,0.01,32,154.25863065561842,8192,130749,sharded,52.710705820834136,123,150.0
memo,1000,1000,1000,1000,0.01,32,38.22770957226122,8192,130749,sharded,212.70124189478204,123,37.5
memo,1000,1000,1000,1000,0.01,32,1226.6683120960756,8192,130749,sharded,6.628589995056596,123,1200.0
memo,1000,1000,1000,1000,0.01,32,9.54526800251575,8192,130749,sharded,851.8442120923144,123,9.375
memo,1000,1000,1000,1000,0.01,32,18.87683748957706,8192,130749,sharded,430.74383117948787,123,18.75
memo,1000,1000,1000,1000,0.01,32,291.4367269790715,8192,130749,sharded,27.899988395755326,123,300.0
memo,1000,1000,1000,1000,0.01,32,626.0985630763429,8192,130749,sharded,12.986902989939543,123,600.0
memo,1000,1000,1000,1000,0.01,32,4.925688370851159,8192,130749,sharded,1650.750248215146,123,4.6875
memo,1000,1000,1000,1000,0.01,32,72.61688041309495,8192,130749,sharded,111.97233004995263,123,75.0
memo,1000,1000,1000,1000,0.01,32,1187.08588571373,4096,260435,sharded,3.439205791421368,245,1200.0
memo,1000,1000,1000,1000,0.01,32,9.538416075146959,4096,260435,sharded,428.01997951198865,245,9.375
memo,1000,1000,1000,1000,0.01,32,36.229316673563574,4096,260435,sharded,112.68864632051725,245,37.5
memo,1000,1000,1000,1000,0.01,32,73.43117322102535,4096,260435,sharded,55.59808558107383,245,75.0
memo,1000,1000,1000,1000,0.01,32,150.23893819175942,4096,260435,sharded,27.17426455617187,245,150.0
memo,1000,1000,1000,1000,0.01,32,304.0436760644171,4096,260435,sharded,13.427783487909958,245,300.0
memo,1000,1000,1000,1000,0.01,32,4.9835400503094975,4096,260435,sharded,819.2234058212649,245,4.6875
memo,1000,1000,1000,1000,0.01,32,588.0268688798265,4096,260435,sharded,6.942935551292949,245,600.0
memo,1000,1000,1000,1000,0.01,32,19.16675914275633,4096,260435,sharded,213.00589331004187,245,18.75
memo,1000,1000,1000,1000,0.01,32,9.839849738301261,2048,519807,sharded,207.92896532628777,489,9.375
memo,1000,1000,1000,1000,0.01,32,602.1795489228848,2048,519807,sharded,3.3976407513519438,489,600.0
memo,1000,1000,1000,1000,0.01,32,4.895224090503577,2048,519807,sharded,417.9563054161738,489,4.6875
memo,1000,1000,1000,1000,0.01,32,73.0409211235023,2048,519807,sharded,28.011554941806295,489,75.0
memo,1000,1000,1000,1000,0.01,32,149.27546685313368,2048,519807,sharded,13.70613549689377,489,150.0
memo,1000,1000,1000,1000,0.01,32,298.3998573859521,2048,519807,sharded,6.8565373756356385,489,300.0
memo,1000,1000,1000,1000,0.01,32,1207.1462757261818,2048,519807,sharded,1.6948979723441724,489,1200.0
memo,1000,1000,1000,1000,0.01,32,37.770138294064814,2048,519807,sharded,54.16950711490063,489,37.5
memo,1000,1000,1000,1000,0.01,32,19.176080455058948,2048,519807,sharded,106.6948889709816,489,18.75
memo,1000,1000,1000,1000,0.01,32,148.73936454783086,1024,1038551,sharded,6.88816613237175,977,150.0
memo,1000,1000,1000,1000,0.01,32,75.04730188775842,1024,1038551,sharded,13.651942543666385,977,75.0
memo,1000,1000,1000,1000,0.01,32,1217.5820726753075,1024,1038551,sharded,0.8414557641914938,977,1200.0
memo,1000,1000,1000,1000,0.01,32,19.313013937860756,1024,1038551,sharded,53.04927841533724,977,18.75
memo,1000,1000,1000,1000,0.01,32,4.973778845092712,1024,1038551,sharded,205.98854218050107,977,4.6875
memo,1000,1000,1000,1000,0.01,32,603.1131074859999,1024,1038551,sharded,1.6987550771355877,977,600.0
memo,1000,1000,1000,1000,0.01,32,9.722218814852512,1024,1038551,sharded,105.3814435716757,977,9.375
memo,1000,1000,1000,1000,0.01,32,298.4608090358705,1024,1038551,sharded,3.432750372615017,977,300.0
memo,1000,1000,1000,1000,0.01,32,38.112475085950656,1024,1038551,sharded,26.88204980438384,977,37.5
memo,1000,1000,1000,1000,0.01,64,36.980361481139944,262144,4508,sharded,6760.3719916989185,4,37.5
memo,1000,1000,1000,1000,0.01,64,10.679294685741052,262144,4508,sharded,23409.87933723753,4,9.375
memo,1000,1000,1000,1000,0.01,64,264.1026370834776,262144,4508,sharded,946.6054665746472,4,300.0
memo,1000,1000,1000,1000,0.01,64,1349.519403000712,262144,4508,sharded,185.25187518172208,4,1200.0
memo,1000,1000,1000,1000,0.01,64,20.849991780236827,262144,4508,sharded,11990.460362529713,4,18.75
memo,1000,1000,1000,1000,0.01,64,5.0385418182518515,262144,4508,sharded,49617.728505176754,4,4.6875
memo,1000,1000,1000,1000,0.01,64,527.4477091408094,262144,4508,sharded,473.9825307180523,4,600.0
memo,1000,1000,1000,1000,0.01,64,132.3385475694508,262144,4508,sharded,1889.101887481426,4,150.0
memo,1000,1000,1000,1000,0.01,64,75.55341947371808,262144,4508,sharded,3308.930313696325,4,75.0
memo,1000,1000,1000,1000,0.01,64,9.884307428846155,131072,9016,sharded,12646.409563830412,8,9.375
memo,1000,1000,1000,1000,0.01,64,35.67765685987742,131072,9016,sharded,3503.621341808865,8,37.5
memo,1000,1000,1000,1000,0.01,64,1109.0020311442727,131072,9016,sharded,112.71485217301493,8,1200.0
memo,1000,1000,1000,1000,0.01,64,348.92919568327284,131072,9016,sharded,358.2417336996497,8,300.0
memo,1000,1000,1000,1000,0.01,64,19.815384100258978,131072,9016,sharded,6308.280443494724,8,18.75
memo,1000,1000,1000,1000,0.01,64,5.707623244557766,131072,9016,sharded,21900.709742744282,8,4.6875
memo,1000,1000,1000,1000,0.01,64,558.2367863855782,131072,9016,sharded,223.92110847682636,8,600.0
memo,1000,1000,1000,1000,0.01,64,81.5673858085157,131072,9016,sharded,1532.487510307702,8,75.0
memo,1000,1000,1000,1000,0.01,64,158.18622771590242,131072,9016,sharded,790.2141785977597,8,150.0
memo,1000,1000,1000,1000,0.01,64,21.0551709167853,65536,18032,sharded,2968.4394511456494,16,18.75
memo,1000,1000,1000,1000,0.01,64,1198.169585969056,65536,18032,sharded,52.163734359398234,16,1200.0
memo,1000,1000,1000,1000,0.01,64,608.5860199009123,65536,18032,sharded,102.69871136733666,16,600.0
memo,1000,1000,1000,1000,0.01,64,37.864743712574075,65536,18032,sharded,1650.6384005774942,16,37.5
memo,1000,1000,1000,1000,0.01,64,4.936618847562745,65536,18032,sharded,12660.689822317827,16,4.6875
memo,1000,1000,1000,1000,0.01,64,8.93269923675117,65536,18032,sharded,6996.877242083398,16,9.375
memo,1000,1000,1000,1000,0.01,64,71.5472705215289,65536,18032,sharded,873.5623252209623,16,75.0
memo,1000,1000,1000,1000,0.01,64,158.8363179070367,65536,18032,sharded,393.49313068677674,16,150.0
memo,1000,1000,1000,1000,0.01,64,299.9711690797492,65536,18032,sharded,208.35669038374726,16,300.0
memo,1000,1000,1000,1000,0.01,64,37.387813379537754,32768,34937,sharded,862.8229789384882,31,37.5
memo,1000,1000,1000,1000,0.01,64,637.8891836221621,32768,34937,sharded,50.57158099617016,31,600.0
memo,1000,1000,1000,1000,0.01,64,1252.1195558670088,32768,34937,sharded,25.763565759335012,31,1200.0
memo,1000,1000,1000,1000,0.01,64,9.776758199910935,32768,34937,sharded,3299.566569665486,31,9.375
memo,1000,1000,1000,1000,0.01,64,5.812688311519424,32768,34937,sharded,5549.766783847486,31,4.6875
memo,1000,1000,1000,1000,0.01,64,78.06832480466394,32768,34937,sharded,413.21579010238753,31,75.0
memo,1000,1000,1000,1000,0.01,64,19.89930840126289,32768,34937,sharded,1621.1148581466152,31,18.75
memo,1000,1000,1000,1000,0.01,64,148.5928159722786,32768,34937,sharded,217.09706694129324,31,150.0
memo,1000,1000,1000,1000,0.01,64,308.7057400263052,32768,34937,sharded,104.49778003279174,31,300.0
memo,1000,1000,1000,1000,0.01,64,19.46720996312535,16384,69874,sharded,828.574422766175,62,18.75
memo,1000,1000,1000,1000,0.01,64,302.05846875200245,16384,69874,sharded,53.40036425632441,62,300.0
memo,1000,1000,1000,1000,0.01,64,74.56158973309002,16384,69874,sharded,216.33165703421284,62,75.0
memo,1000,1000,1000,1000,0.01,64,1215.5495846631559,16384,69874,sharded,13.26974437043171,62,1200.0
memo,1000,1000,1000,1000,0.01,64,589.59196352614,16384,69874,sharded,27.35795814040023,62,600.0
memo,1000,1000,1000,1000,0.01,64,4.874391793398842,16384,69874,sharded,3309.13741482756,62,4.6875
memo,1000,1000,1000,1000,0.01,64,37.854947410554324,16384,69874,sharded,426.1010346448747,62,37.5
memo,1000,1000,1000,1000,0.01,64,9.082303989511294,16384,69874,sharded,1775.9846264441596,62,9.375
memo,1000,1000,1000,1000,0.01,64,165.70520261909016,16384,69874,sharded,97.34173703129251,62,150.0
memo,1000,1000,1000,1000,0.01,64,9.560860350645065,8192,138621,sharded,850.454980263822,123,9.375
memo,1000,1000,1000,1000,0.01,64,1172.1760489524181,8192,138621,sharded,6.936740695290449,123,1200.0
memo,1000,1000,1000,1000,0.01,64,622.9882853396315,8192,138621,sharded,13.051740284940072,123,600.0
memo,1000,1000,1000,1000,0.01,64,39.132538020022814,8192,138621,sharded,207.7831316908861,123,37.5
memo,1000,1000,1000,1000,0.01,64,74.3519471409078,8192,138621,sharded,109.35935928353594,123,75.0
memo,1000,1000,1000,1000,0.01,64,4.934927225677897,8192,138621,sharded,1647.659819278503,123,4.6875
memo,1000,1000,1000,1000,0.01,64,152.74736068636207,8192,138621,sharded,53.2322212591853,123,150.0
memo,1000,1000,1000,1000,0.01,64,294.9011274761798,8192,138621,sharded,27.57222859878616,123,300.0
memo,1000,1000,1000,1000,0.01,64,19.06846712904348,8192,138621,sharded,426.41504667296675,123,18.75
memo,1000,1000,1000,1000,0.01,64,18.864009138072458,4096,276115,sharded,216.42444207797874,245,18.75
memo,1000,1000,1000,1000,0.01,64,604.9272540172934,4096,276115,sharded,6.748964649796572,245,600.0
memo,1000,1000,1000,1000,0.01,64,297.824061569546,4096,276115,sharded,13.708202861600803,245,300.0
memo,1000,1000,1000,1000,0.01,64,148.96054678842336,4096,276115,sharded,27.407476282025243,245,150.0
memo,1000,1000,1000,1000,0.01,64,1193.4674994280222,4096,276115,sharded,3.4208159459875156,245,1200.0
memo,1000,1000,1000,1000,0.01,64,36.943769610257384,4096,276115,sharded,110.5093685926324,245,37.5
memo,1000,1000,1000,1000,0.01,64,75.65145212679948,4096,276115,sharded,53.966348804756834,245,75.0
memo,1000,1000,1000,1000,0.01,64,4.988981757715679,4096,276115,sharded,818.3298419055659,245,4.6875
memo,1000,1000,1000,1000,0.01,64,9.60139701719561,4096,276115,sharded,425.21235667574604,245,9.375
memo,1000,1000,1000,1000,0.01,64,150.4113632776761,2048,551103,sharded,13.602627690263004,489,150.0
memo,1000,1000,1000,1000,0.01,64,75.4510924284584,2048,551103,sharded,27.1167680837902,489,75.0
memo,1000,1000,1000,1000,0.01,64,9.631510456351497,2048,551103,sharded,212.4266784865397,489,9.375
memo,1000,1000,1000,1000,0.01,64,1205.8084987775344,2048,551103,sharded,1.696778366652232,489,1200.0
memo,1000,1000,1000,1000,0.01,64,303.0796723228439,2048,551103,sharded,6.750666448100528,489,300.0
memo,1000,1000,1000,1000,0.01,64,594.9686721857306,2048,551103,sharded,3.438819337385937,489,600.0
memo,1000,1000,1000,1000,0.01,64,37.40719704109354,2048,551103,sharded,54.695083750956,489,37.5
memo,1000,1000,1000,1000,0.01,64,5.125288804917026,2048,551103,sharded,399.1950215738619,489,4.6875
memo,1000,1000,1000,1000,0.01,64,19.336639672499622,2048,551103,sharded,105.80896214148889,489,18.75
memo,1000,1000,1000,1000,0.01,64,150.23798797074164,1024,1101079,sharded,6.819456698450926,977,150.0
memo,1000,1000,1000,1000,0.01,64,302.00254156259535,1024,1101079,sharded,3.392492818529839,977,300.0
memo,1000,1000,1000,1000,0.01,64,18.92436892034863,1024,1101079,sharded,54.13873813922612,977,18.75
memo,1000,1000,1000,1000,0.01,64,37.33037608246041,1024,1101079,sharded,27.445248640563314,977,37.5
memo,1000,1000,1000,1000,0.01,64,75.02622272495194,1024,1101079,sharded,13.65577815619026,977,75.0
memo,1000,1000,1000,1000,0.01,64,5.000630942301458,1024,1101079,sharded,204.88243688652128,977,4.6875
memo,1000,1000,1000,1000,0.01,64,9.66324957031627,1024,1101079,sharded,106.02452580507362,977,9.375
memo,1000,1000,1000,1000,0.01,64,1198.3416213504165,1024,1101079,sharded,0.8549660924522537,977,1200.0
memo,1000,1000,1000,1000,0.01,64,605.5932470856814,1024,1101079,sharded,1.6917980151847833,977,600.0
memo,1000,1000,1000,1000,0.01,128,8.946071486435901,262144,5020,sharded,27945.338954540362,4,9.375
memo,1000,1000,1000,1000,0.01,128,273.71816316962673,262144,5020,sharded,913.3518839415531,4,300.0
memo,1000,1000,1000,1000,0.01,128,503.1010458377848,262144,5020,sharded,496.9200562556731,4,600.0
memo,1000,1000,1000,1000,0.01,128,176.88259631937962,262144,5020,sharded,1413.372514888902,4,150.0
memo,1000,1000,1000,1000,0.01,128,71.40455515159658,262144,5020,sharded,3501.1911980857717,4,75.0
memo,1000,1000,1000,1000,0.01,128,6.212776881641053,262144,5020,sharded,40239.816230768025,4,4.6875
memo,1000,1000,1000,1000,0.01,128,33.52267803041241,262144,5020,sharded,7457.667903894622,4,37.5
memo,1000,1000,1000,1000,0.01,128,1290.8923805416275,262144,5020,sharded,193.66525340796076,4,1200.0
memo,1000,1000,1000,1000,0.01,128,17.670186509590764,262144,5020,sharded,14148.181167431829,4,18.75
memo,1000,1000,1000,1000,0.01,128,18.558366705553304,131072,10040,sharded,6735.560406972419,8,18.75
memo,1000,1000,1000,1000,0.01,128,10.214606290914725,131072,10040,sharded,12237.476065150042,8,9.375
memo,1000,1000,1000,1000,0.01,128,40.542315605200464,131072,10040,sharded,3083.2230013020226,8,37.5
memo,1000,1000,1000,1000,0.01,128,1290.1132697354096,131072,10040,sharded,96.89149234596785,8,1200.0
memo,1000,1000,1000,1000,0.01,128,584.5920156292686,131072,10040,sharded,213.8260473254086,8,600.0
memo,1000,1000,1000,1000,0.01,128,5.296465178475744,131072,10040,sharded,23600.83485642281,8,4.6875
memo,1000,1000,1000,1000,0.01,128,74.5534240630861,131072,10040,sharded,1676.6634339185528,8,75.0
memo,1000,1000,1000,1000,0.01,128,138.94872191842225,131072,10040,sharded,899.6196458243707,8,150.0
memo,1000,1000,1000,1000,0.01,128,312.73240263447553,131072,10040,sharded,399.70594331442624,8,300.0
memo,1000,1000,1000,1000,0.01,128,9.826074854847523,65536,20080,sharded,6360.7290727249265,16,9.375
memo,1000,1000,1000,1000,0.01,128,1116.0763302793196,65536,20080,sharded,56.00065004904989,16,1200.0
memo,1000,1000,1000,1000,0.01,128,39.41846791841389,65536,20080,sharded,1585.5765913926698,16,37.5
memo,1000,1000,1000,1000,0.01,128,579.8767514697203,65536,20080,sharded,107.78324849476854,16,600.0
memo,1000,1000,1000,1000,0.01,128,4.738493896420104,65536,20080,sharded,13190.05603177394,16,4.6875
memo,1000,1000,1000,1000,0.01,128,19.009175495563017,65536,20080,sharded,3287.9385018349967,16,18.75
memo,1000,1000,1000,1000,0.01,128,176.73563997993537,65536,20080,sharded,353.6411784691287,16,150.0
memo,1000,1000,1000,1000,0.01,128,315.86501329839575,65536,20080,sharded,197.8725004942402,16,300.0
memo,1000,1000,1000,1000,0.01,128,73.239758792756,65536,20080,sharded,853.3752845480677,16,75.0
memo,1000,1000,1000,1000,0.01,128,9.825126739505281,32768,38905,sharded,3283.3229912872707,31,9.375
memo,1000,1000,1000,1000,0.01,128,148.37785252131903,32768,38905,sharded,217.41158783447165,31,150.0
memo,1000,1000,1000,1000,0.01,128,76.99966033412767,32768,38905,sharded,418.95073791424534,31,75.0
memo,1000,1000,1000,1000,0.01,128,299.7456695522907,32768,38905,sharded,107.62145309492597,31,300.0
memo,1000,1000,1000,1000,0.01,128,5.05952477110811,32768,38905,sharded,6375.908010242594,31,4.6875
memo,1000,1000,1000,1000,0.01,128,18.497666056232696,32768,38905,sharded,1743.9532326976732,31,18.75
memo,1000,1000,1000,1000,0.01,128,37.81499216671691,32768,38905,sharded,853.0760597253815,31,37.5
memo,1000,1000,1000,1000,0.01,128,1216.6272890566825,32768,38905,sharded,26.515157769592072,31,1200.0
memo,1000,1000,1000,1000,0.01,128,624.1362315039528,32768,38905,sharded,51.68593471716235,31,600.0
memo,1000,1000,1000,1000,0.01,128,1263.7143526816992,16384,77810,sharded,12.763985962361943,62,1200.0
memo,1000,1000,1000,1000,0.01,128,36.463509059360426,16384,77810,sharded,442.3609431501993,62,37.5
memo,1000,1000,1000,1000,0.01,128,19.025818678284026,16384,77810,sharded,847.797013669391,62,18.75
memo,1000,1000,1000,1000,0.01,128,587.3821437849574,16384,77810,sharded,27.46088288303462,62,600.0
memo,1000,1000,1000,1000,0.01,128,5.011435599816738,16384,77810,sharded,3218.645024322845,62,4.6875
memo,1000,1000,1000,1000,0.01,128,9.786921790879232,16384,77810,sharded,1648.121094938824,62,9.375
memo,1000,1000,1000,1000,0.01,128,77.67520691859194,16384,77810,sharded,207.6599844139419,62,75.0
memo,1000,1000,1000,1000,0.01,128,152.18543764611402,16384,77810,sharded,105.98932793801634,62,150.0
memo,1000,1000,1000,1000,0.01,128,303.60803332171577,16384,77810,sharded,53.12781773785432,62,300.0
memo,1000,1000,1000,1000,0.01,128,1200.3145585239185,8192,154365,sharded,6.774125368280268,123,1200.0
memo,1000,1000,1000,1000,0.01,128,36.37384231440199,8192,154365,sharded,223.5419956608092,123,37.5
memo,1000,1000,1000,1000,0.01,128,590.7725577871186,8192,154365,sharded,13.763471565554669,123,600.0
memo,1000,1000,1000,1000,0.01,128,73.02680848727765,8192,154365,sharded,111.34378551172153,123,75.0
memo,1000,1000,1000,1000,0.01,128,5.121618426311171,8192,154365,sharded,1587.5999779759838,123,4.6875
memo,1000,1000,1000,1000,0.01,128,19.040687365405738,8192,154365,sharded,427.03717280637903,123,18.75
memo,1000,1000,1000,1000,0.01,128,299.44307084555356,8192,154365,sharded,27.154013876002654,123,300.0
memo,1000,1000,1000,1000,0.01,128,148.46405544129064,8192,154365,sharded,54.768012881262045,123,150.0
memo,1000,1000,1000,1000,0.01,128,9.522247826793286,8192,154365,sharded,853.9035581424508,123,9.375
memo,1000,1000,1000,1000,0.01,128,37.66334554972201,4096,307475,sharded,108.3980351047534,245,37.5
memo,1000,1000,1000,1000,0.01,128,9.840096115826933,4096,307475,sharded,414.89763971864744,245,9.375
memo,1000,1000,1000,1000,0.01,128,1185.8730386746872,4096,307475,sharded,3.442723225771209,245,1200.0
memo,1000,1000,1000,1000,0.01,128,145.29060356727365,4096,307475,sharded,28.099770754760826,245,150.0
memo,1000,1000,1000,1000,0.01,128,600.0354010888508,4096,307475,sharded,6.803986307562351,245,600.0
memo,1000,1000,1000,1000,0.01,128,75.23691455967312,4096,307475,sharded,54.263690595965905,245,75.0
memo,1000,1000,1000,1000,0.01,128,306.7568751517356,4096,307475,sharded,13.309017608950974,245,300.0
memo,1000,1000,1000,1000,0.01,128,18.843564441218003,4096,307475,sharded,216.65925604451792,245,18.75
memo,1000,1000,1000,1000,0.01,128,5.027421184389818,4096,307475,sharded,812.072930300296,245,4.6875
memo,1000,1000,1000,1000,0.01,128,597.284453193427,2048,613695,sharded,3.4254864062040857,489,600.0
memo,1000,1000,1000,1000,0.01,128,9.663636950322097,2048,613695,sharded,211.72047186467722,489,9.375
memo,1000,1000,1000,1000,0.01,128,37.097935224356206,2048,613695,sharded,55.151041767625244,489,37.5
memo,1000,1000,1000,1000,0.01,128,149.9052092603016,2048,613695,sharded,13.648556879023355,489,150.0
memo,1000,1000,1000,1000,0.01,128,19.552684964861104,2048,613695,sharded,104.63983737926802,489,18.75
memo,1000,1000,1000,1000,0.01,128,75.92646460382961,2048,613695,sharded,26.94699122008017,489,75.0
memo,1000,1000,1000,1000,0.01,128,1188.853778473053,2048,613695,sharded,1.7209768031178445,489,1200.0
memo,1000,1000,1000,1000,0.01,128,295.8608726375143,2048,613695,sharded,6.915378018092478,489,300.0
memo,1000,1000,1000,1000,0.01,128,5.0929726549215255,2048,613695,sharded,401.72801106128264,489,4.6875
memo,1000,1000,1000,1000,0.01,128,150.9431007691368,1024,1226135,sharded,6.787600415045606,977,150.0
memo,1000,1000,1000,1000,0.01,128,302.2460240716828,1024,1226135,sharded,3.3897599036269743,977,300.0
memo,1000,1000,1000,1000,0.01,128,593.2388136229372,1024,1226135,sharded,1.7270303795059214,977,600.0
memo,1000,1000,1000,1000,0.01,128,4.904720906370385,1024,1226135,sharded,208.88883852660433,977,4.6875
memo,1000,1000,1000,1000,0.01,128,37.738112769936684,1024,1226135,sharded,27.148719907505402,977,37.5
memo,1000,1000,1000,1000,0.01,128,74.5463674662714,1024,1226135,sharded,13.74368045354348,977,75.0
memo,1000,1000,1000,1000,0.01,128,9.693000372138743,1024,1226135,sharded,105.6991038991161,977,9.375
memo,1000,1000,1000,1000,0.01,128,1198.4520754292653,1024,1226135,sharded,0.8548872953988506,977,1200.0
memo,1000,1000,1000,1000,0.01,128,19.18227050010142,1024,1226135,sharded,53.41085422726402,977,18.75
memo,1000,1000,1000,1000,0.01,256,37.5414412076804,262144,6044,sharded,6659.334110722783,4,37.5
memo,1000,1000,1000,1000,0.01,256,10.093361730019204,262144,6044,sharded,24768.853696827166,4,9.375
memo,1000,1000,1000,1000,0.01,256,325.98853322644766,262144,6044,sharded,766.9012082285024,4,300.0
memo,1000,1000,1000,1000,0.01,256,584.9846930679582,262144,6044,sharded,427.36331901073714,4,600.0
memo,1000,1000,1000,1000,0.01,256,5.375017291554115,262144,6044,sharded,46511.6643239143,4,4.6875
memo,1000,1000,1000,1000,0.01,256,83.60857808229815,262144,6044,sharded,2990.135769967495,4,75.0
memo,1000,1000,1000,1000,0.01,256,20.65732236000981,262144,6044,sharded,12102.294558948892,4,18.75
memo,1000,1000,1000,1000,0.01,256,157.86513108449117,262144,6044,sharded,1583.6366034890675,4,150.0
memo,1000,1000,1000,1000,0.01,256,1084.3750094147977,262144,6044,sharded,230.5484706208026,4,1200.0
memo,1000,1000,1000,1000,0.01,256,10.069046891818275,131072,12088,sharded,12414.38254712778,8,9.375
memo,1000,1000,1000,1000,0.01,256,34.25359828524742,131072,12088,sharded,3649.2808422359617,8,37.5
memo,1000,1000,1000,1000,0.01,256,1135.9320180558263,131072,12088,sharded,110.04267686189714,8,1200.0
memo,1000,1000,1000,1000,0.01,256,593.7260235866374,131072,12088,sharded,210.53650174348414,8,600.0
memo,1000,1000,1000,1000,0.01,256,17.987694720200057,131072,12088,sharded,6949.250693009857,8,18.75
memo,1000,1000,1000,1000,0.01,256,5.5764578207090505,131072,12088,sharded,22415.84246110303,8,4.6875
memo,1000,1000,1000,1000,0.01,256,80.18807542390428,131072,12088,sharded,1558.847738135599,8,75.0
memo,1000,1000,1000,1000,0.01,256,274.7312536785838,131072,12088,sharded,454.9937377938163,8,300.0
memo,1000,1000,1000,1000,0.01,256,148.09634129884114,131072,12088,sharded,844.0519117738538,8,150.0
memo,1000,1000,1000,1000,0.01,256,9.303602104813788,65536,24176,sharded,6717.9356227693015,16,9.375
memo,1000,1000,1000,1000,0.01,256,37.623207069553644,65536,24176,sharded,1661.2353084216088,16,37.5
memo,1000,1000,1000,1000,0.01,256,1132.5418497436096,65536,24176,sharded,55.18648164228923,16,1200.0
memo,1000,1000,1000,1000,0.01,256,565.0075756719328,65536,24176,sharded,110.61975571862192,16,600.0
memo,1000,1000,1000,1000,0.01,256,5.027040823253093,65536,24176,sharded,12432.9605025078,16,4.6875
memo,1000,1000,1000,1000,0.01,256,151.63094579146423,65536,24176,sharded,412.19158578590344,16,150.0
memo,1000,1000,1000,1000,0.01,256,75.8278463603762,65536,24176,sharded,824.2486500666313,16,75.0
memo,1000,1000,1000,1000,0.01,256,18.724919198920485,65536,24176,sharded,3337.851519466277,16,18.75
memo,1000,1000,1000,1000,0.01,256,305.28458924424586,65536,24176,sharded,204.73028184857205,16,300.0
memo,1000,1000,1000,1000,0.01,256,10.127741786730278,32768,46841,sharded,3185.217908931682,31,9.375
memo,1000,1000,1000,1000,0.01,256,1166.8474044469283,32768,46841,sharded,27.64634380912853,31,1200.0
memo,1000,1000,1000,1000,0.01,256,583.496842003916,32768,46841,sharded,55.285756826619696,31,600.0
memo,1000,1000,1000,1000,0.01,256,38.25380457837531,32768,46841,sharded,843.2903569117129,31,37.5
memo,1000,1000,1000,1000,0.01,256,18.82890435152406,32768,46841,sharded,1713.273587983249,31,18.75
memo,1000,1000,1000,1000,0.01,256,78.1278616045297,32768,46841,sharded,412.90090185008614,31,75.0
memo,1000,1000,1000,1000,0.01,256,5.039656507729778,32768,46841,sharded,6401.044290746875,31,4.6875
memo,1000,1000,1000,1000,0.01,256,304.7869786896911,32768,46841,sharded,105.8413474709907,31,300.0
memo,1000,1000,1000,1000,0.01,256,153.84173784212274,32768,46841,sharded,209.689938300322,31,150.0
memo,1000,1000,1000,1000,0.01,256,38.81351952480961,16384,93682,sharded,415.57767642674605,62,37.5
memo,1000,1000,1000,1000,0.01,256,566.5673264186318,16384,93682,sharded,28.469753736109688,62,600.0
memo,1000,1000,1000,1000,0.01,256,10.006606334916155,16384,93682,sharded,1611.9383253622989,62,9.375
memo,1000,1000,1000,1000,0.01,256,1222.1032141748478,16384,93682,sharded,13.198584269296237,62,1200.0
memo,1000,1000,1000,1000,0.01,256,18.642440803597108,16384,93682,sharded,865.2317809668026,62,18.75
memo,1000,1000,1000,1000,0.01,256,162.42395800554092,16384,93682,sharded,99.30820832179361,62,150.0
memo,1000,1000,1000,1000,0.01,256,4.916057849359741,16384,93682,sharded,3281.0908155129346,62,4.6875
memo,1000,1000,1000,1000,0.01,256,298.3692388316672,16384,93682,sharded,54.06064083960309,62,300.0
memo,1000,1000,1000,1000,0.01,256,76.74256260526542,16384,93682,sharded,210.18365442174863,62,75.0
memo,1000,1000,1000,1000,0.01,256,38.61755366166055,8192,185853,sharded,210.55402349024334,123,37.5
memo,1000,1000,1000,1000,0.01,256,9.671377924904144,8192,185853,sharded,840.7365903751091,123,9.375
memo,1000,1000,1000,1000,0.01,256,622.2063844331592,8192,185853,sharded,13.068141864568883,123,600.0
memo,1000,1000,1000,1000,0.01,256,1200.8575975842703,8192,185853,sharded,6.771062045300012,123,1200.0
memo,1000,1000,1000,1000,0.01,256,74.42691460425748,8192,185853,sharded,109.24920566770186,123,75.0
memo,1000,1000,1000,1000,0.01,256,5.295102901366379,8192,185853,sharded,1535.585134467324,123,4.6875
memo,1000,1000,1000,1000,0.01,256,18.611188227172672,8192,185853,sharded,436.8921103565802,123,18.75
memo,1000,1000,1000,1000,0.01,256,143.8573077222389,8192,185853,sharded,56.521850919889175,123,150.0
memo,1000,1000,1000,1000,0.01,256,305.0105546718203,8192,185853,sharded,26.65836042808991,123,300.0
memo,1000,1000,1000,1000,0.01,256,9.706422326533493,4096,370195,sharded,420.6114792574945,245,9.375
memo,1000,1000,1000,1000,0.01,256,1194.2548987737177,4096,370195,sharded,3.418560524435231,245,1200.0
memo,1000,1000,1000,1000,0.01,256,74.95336754618296,4096,370195,sharded,54.46896899656558,245,75.0
memo,1000,1000,1000,1000,0.01,256,38.71303817116961,4096,370195,sharded,105.45885432731664,245,37.5
memo,1000,1000,1000,1000,0.01,256,19.30540397308759,4096,370195,sharded,211.47615759569487,245,18.75
memo,1000,1000,1000,1000,0.01,256,300.41246213447073,4096,370195,sharded,13.590090850604444,245,300.0
memo,1000,1000,1000,1000,0.01,256,148.51965320718918,4096,370195,sharded,27.48883777264033,245,150.0
memo,1000,1000,1000,1000,0.01,256,596.9479164155811,4096,370195,sharded,6.839177323166988,245,600.0
memo,1000,1000,1000,1000,0.01,256,5.046545994762519,4096,370195,sharded,808.9954311916157,245,4.6875
memo,1000,1000,1000,1000,0.01,256,19.20837405590111,2048,738879,sharded,106.5155108442177,489,18.75
memo,1000,1000,1000,1000,0.01,256,150.5929570860374,2048,738879,sharded,13.586224845045054,489,150.0
memo,1000,1000,1000,1000,0.01,256,301.07138202466336,2048,738879,sharded,6.795696626136057,489,300.0
memo,1000,1000,1000,1000,0.01,256,603.6875203430584,2048,738879,sharded,3.389153669912618,489,600.0
memo,1000,1000,1000,1000,0.01,256,1204.9953488844512,2048,738879,sharded,1.6979233794929094,489,1200.0
memo,1000,1000,1000,1000,0.01,256,74.91256185850641,2048,738879,sharded,27.311704796794373,489,75.0
memo,1000,1000,1000,1000,0.01,256,37.610274426679204,2048,738879,sharded,54.399756615436516,489,37.5
memo,1000,1000,1000,1000,0.01,256,5.014172337496819,2048,738879,sharded,408.0413749944076,489,4.6875
memo,1000,1000,1000,1000,0.01,256,9.543071938978729,2048,738879,sharded,214.39530039528134,489,9.375
memo,1000,1000,1000,1000,0.01,256,19.396795294999563,1024,1476247,sharded,52.82014053594656,977,18.75
memo,1000,1000,1000,1000,0.01,256,1204.334405053329,1024,1476247,sharded,0.8507117700282724,977,1200.0
memo,1000,1000,1000,1000,0.01,256,37.75804521125016,1024,1476247,sharded,27.13438812037858,977,37.5
memo,1000,1000,1000,1000,0.01,256,150.9789571480502,1024,1476247,sharded,6.785988410452438,977,150.0
memo,1000,1000,1000,1000,0.01,256,300.49746641955755,1024,1476247,sharded,3.4094844979437826,977,300.0
memo,1000,1000,1000,1000,0.01,256,598.3766497780177,1024,1476247,sharded,1.712201593777,977,600.0
memo,1000,1000,1000,1000,0.01,256,5.064794619725943,1024,1476247,sharded,202.28687051565026,977,4.6875
memo,1000,1000,1000,1000,0.01,256,75.09686464134309,1024,1476247,sharded,13.642932475569998,977,75.0
memo,1000,1000,1000,1000,0.01,256,9.758331654702518,1024,1476247,sharded,104.99145649913832,977,9.375
memo,1000,1000,1000,1000,0.01,256,38.12048625484327,524288,3022,sharded,13116.333214046399,2,37.5
memo,1000,1000,1000,1000,0.01,256,158.8963895893026,524288,3022,sharded,3146.710893131971,2,150.0
memo,1000,1000,1000,1000,0.01,256,23.53293685588398,524288,3022,sharded,21246.8593725472,2,18.75
memo,1000,1000,1000,1000,0.01,256,60.53495367506689,524288,3022,sharded,8259.707320234396,2,75.0
memo,1000,1000,1000,1000,0.01,256,237.3083076110177,524288,3022,sharded,2106.9679567205594,2,300.0
memo,1000,1000,1000,1000,0.01,256,5.6200886360254865,524288,3022,sharded,88966.7463240579,2,4.6875
memo,1000,1000,1000,1000,0.01,256,3.0101094016289327,524288,3022,sharded,166107.25169305224,2,2.34375
memo,1000,1000,1000,1000,0.01,256,1269.7489047195597,524288,3022,sharded,393.7794300444241,2,1200.0
memo,1000,1000,1000,1000,0.01,256,588.5004906176046,524288,3022,sharded,849.6186629772758,2,600.0
memo,1000,1000,1000,1000,0.01,256,2.0589251378356,524288,3022,sharded,242845.64349222288,2,1.171875
memo,1000,1000,1000,1000,0.01,256,1.2727510470763126,524288,3022,sharded,392850.59018303093,2,0.5859375
memo,1000,1000,1000,1000,0.01,256,10.41180831929826,524288,3022,sharded,48022.49375579163,2,9.375
memo,1000,1000,1000,1000,0.01,128,39.805947780885774,524288,2510,sharded,12560.962064068553,2,37.5
memo,1000,1000,1000,1000,0.01,128,19.685224088257755,524288,2510,sharded,25399.812456199106,2,18.75
memo,1000,1000,1000,1000,0.01,128,370.3503020908125,524288,2510,sharded,1350.0758529890338,2,300.0
memo,1000,1000,1000,1000,0.01,128,2.597833088101792,524288,2510,sharded,192468.4854812382,2,1.171875
memo,1000,1000,1000,1000,0.01,128,1220.6939094316738,524288,2510,sharded,409.6039114611366,2,1200.0
memo,1000,1000,1000,1000,0.01,128,1.6530778402374564,524288,2510,sharded,302466.70049619523,2,0.5859375
memo,1000,1000,1000,1000,0.01,128,8.79763301997014,524288,2510,sharded,56833.582267528705,2,9.375
memo,1000,1000,1000,1000,0.01,128,129.77268825067134,524288,2510,sharded,3852.8985315784535,2,150.0
memo,1000,1000,1000,1000,0.01,128,579.3132422947397,524288,2510,sharded,863.0926474586133,2,600.0
memo,1000,1000,1000,1000,0.01,128,3.2713283777921607,524288,2510,sharded,152843.41474072795,2,2.34375
memo,1000,1000,1000,1000,0.01,128,5.7756957705784995,524288,2510,sharded,86569.82982847093,2,4.6875
memo,1000,1000,1000,1000,0.01,128,91.29840497946054,524288,2510,sharded,5476.557888524838,2,75.0
memo,1000,1000,1000,1000,0.01,64,162.99233672749295,524288,2254,sharded,3067.6350191601473,2,150.0
memo,1000,1000,1000,1000,0.01,64,76.33442899253482,524288,2254,sharded,6550.137422903863,2,75.0
memo,1000,1000,1000,1000,0.01,64,11.328229571318301,524288,2254,sharded,44137.61187060877,2,9.375
memo,1000,1000,1000,1000,0.01,64,2.459232158303639,524288,2254,sharded,203315.90017304308,2,0.5859375
memo,1000,1000,1000,1000,0.01,64,460.8548882467415,524288,2254,sharded,1084.9423815426683,2,600.0
memo,1000,1000,1000,1000,0.01,64,1261.9614436184736,524288,2254,sharded,396.20941077750103,2,1200.0
memo,1000,1000,1000,1000,0.01,64,31.711738583329847,524288,2254,sharded,15767.063628067348,2,37.5
memo,1000,1000,1000,1000,0.01,64,267.4284936021714,524288,2254,sharded,1869.6624030788776,2,300.0
memo,1000,1000,1000,1000,0.01,64,18.744805389693692,524288,2254,sharded,26674.10995234507,2,18.75
memo,1000,1000,1000,1000,0.01,64,4.743037847871663,524288,2254,sharded,105417.88112113943,2,2.34375
memo,1000,1000,1000,1000,0.01,64,6.101716820466173,524288,2254,sharded,81944.3141515374,2,4.6875
memo,1000,1000,1000,1000,0.01,64,3.216871595834139,524288,2254,sharded,155430.82311631684,2,1.171875
memo,1000,1000,1000,1000,0.01,32,64.0945736900019,524288,2126,sharded,7800.987996554771,2,75.0
memo,1000,1000,1000,1000,0.01,32,14.006499615332476,524288,2126,sharded,35697.78415248479,2,9.375
memo,1000,1000,1000,1000,0.01,32,6.803628090575183,524288,2126,sharded,73490.34858219736,2,4.6875
memo,1000,1000,1000,1000,0.01,32,31.71361498022589,524288,2126,sharded,15766.130739487164,2,37.5
memo,1000,1000,1000,1000,0.01,32,5.769263783436458,524288,2126,sharded,86666.34405511178,2,2.34375
memo,1000,1000,1000,1000,0.01,32,949.0781153687512,524288,2126,sharded,526.8280786410627,2,1200.0
memo,1000,1000,1000,1000,0.01,32,558.455022563287,524288,2126,sharded,895.3290413702696,2,600.0
memo,1000,1000,1000,1000,0.01,32,5.165850572839784,524288,2126,sharded,96789.67537869338,2,1.171875
memo,1000,1000,1000,1000,0.01,32,18.218448022623164,524288,2126,sharded,27444.763647216965,2,18.75
memo,1000,1000,1000,1000,0.01,32,283.6461597073694,524288,2126,sharded,1762.763157152695,2,300.0
memo,1000,1000,1000,1000,0.01,32,102.70630022724986,524288,2126,sharded,4868.26026148044,2,150.0
memo,1000,1000,1000,1000,0.01,32,4.054156383604019,524288,2126,sharded,123330.46698004153,2,0.5859375
memo,1000,1000,1000,1000,0.01,16,270.9746927041041,524288,2062,sharded,1845.1944534391832,2,300.0
memo,1000,1000,1000,1000,0.01,16,30.008849962406096,524288,2062,sharded,16661.78479436505,2,37.5
memo,1000,1000,1000,1000,0.01,16,7.471010586534806,524288,2062,sharded,66925.4840705439,2,1.171875
memo,1000,1000,1000,1000,0.01,16,128.14086808998945,524288,2062,sharded,3901.9635769040087,2,75.0
memo,1000,1000,1000,1000,0.01,16,13.52298500221363,524288,2062,sharded,36974.159175518784,2,9.375
memo,1000,1000,1000,1000,0.01,16,1393.3293774097745,524288,2062,sharded,358.8534111937777,2,1200.0
memo,1000,1000,1000,1000,0.01,16,23.001049341501073,524288,2062,sharded,21738.182140144454,2,18.75
memo,1000,1000,1000,1000,0.01,16,7.167096345059903,524288,2062,sharded,69763.39872208331,2,0.5859375
memo,1000,1000,1000,1000,0.01,16,603.6863631120829,524288,2062,sharded,828.2463056187469,2,600.0
memo,1000,1000,1000,1000,0.01,16,150.733343938893,524288,2062,sharded,3317.12272105301,2,150.0
memo,1000,1000,1000,1000,0.01,16,11.00720622199199,524288,2062,sharded,45424.87802227386,2,4.6875
memo,1000,1000,1000,1000,0.01,16,8.238510086533958,524288,2062,sharded,60690.70678413851,2,2.34375
memo,1000,1000,1000,1000,0.01,8,96.34455392220192,524288,2030,sharded,5189.717318155316,2,75.0
memo,1000,1000,1000,1000,0.01,8,242.30703729549612,524288,2030,sharded,2063.5017685856283,2,300.0
memo,1000,1000,1000,1000,0.01,8,30.82450039977759,524288,2030,sharded,16220.895505693506,2,18.75
memo,1000,1000,1000,1000,0.01,8,46.446292025810244,524288,2030,sharded,10765.143527973105,2,37.5
memo,1000,1000,1000,1000,0.01,8,22.19682599619633,524288,2030,sharded,22525.788150327466,2,9.375
memo,1000,1000,1000,1000,0.01,8,17.33599064516285,524288,2030,sharded,28841.789905990296,2,4.6875
memo,1000,1000,1000,1000,0.01,8,850.6811831133738,524288,2030,sharded,587.7654401265424,2,600.0
memo,1000,1000,1000,1000,0.01,8,15.193932552334122,524288,2030,sharded,32907.93863127876,2,2.34375
memo,1000,1000,1000,1000,0.01,8,1534.1326382739103,524288,2030,sharded,325.9177124101624,2,1200.0
memo,1000,1000,1000,1000,0.01,8,13.427202829723996,524288,2030,sharded,37237.91219516998,2,0.5859375
memo,1000,1000,1000,1000,0.01,8,158.01619613142108,524288,2030,sharded,3164.2389339897304,2,150.0
memo,1000,1000,1000,1000,0.01,8,14.105803432940064,524288,2030,sharded,35446.47438035262,2,1.171875
memo,1000,1000,1000,1000,0.01,4,212.31064005360824,524288,2014,sharded,2355.0444757443634,2,150.0
memo,1000,1000,1000,1000,0.01,4,29.186949849354363,524288,2014,sharded,17130.97814539399,2,4.6875
memo,1000,1000,1000,1000,0.01,4,27.848190232898318,524288,2014,sharded,17954.52400383729,2,2.34375
memo,1000,1000,1000,1000,0.01,4,37.69110420550145,524288,2014,sharded,13265.756218599165,2,9.375
memo,1000,1000,1000,1000,0.01,4,566.9999287805703,524288,2014,sharded,881.8360896011701,2,600.0
memo,1000,1000,1000,1000,0.01,4,66.165449902588,524288,2014,sharded,7556.829141736751,2,37.5
memo,1000,1000,1000,1000,0.01,4,1144.4687276554932,524288,2014,sharded,436.8848076996209,2,1200.0
memo,1000,1000,1000,1000,0.01,4,171.9378105710504,524288,2014,sharded,2908.034005663827,2,75.0
memo,1000,1000,1000,1000,0.01,4,39.509432256415295,524288,2014,sharded,12655.2312054247,2,18.75
memo,1000,1000,1000,1000,0.01,4,490.67105434201056,524288,2014,sharded,1019.0146648664672,2,300.0
memo,1000,1000,1000,1000,0.01,4,26.186296634207434,524288,2014,sharded,19093.994350726305,2,1.171875
memo,1000,1000,1000,1000,0.01,4,25.782204774359663,524288,2014,sharded,19393.259978186572,2,0.5859375
memo,1000,1000,1000,1000,0.01,2,474.0192018732788,524288,2006,sharded,1054.8116996612027,2,150.0
memo,1000,1000,1000,1000,0.01,2,61.163070829378654,524288,2006,sharded,8174.883850989262,2,9.375
memo,1000,1000,1000,1000,0.01,2,727.6829510027766,524288,2006,sharded,687.1138032174292,2,1200.0
memo,1000,1000,1000,1000,0.01,2,192.1008139046379,524288,2006,sharded,2602.805213767647,2,75.0
memo,1000,1000,1000,1000,0.01,2,52.34582048768901,524288,2006,sharded,9551.880080236646,2,2.34375
memo,1000,1000,1000,1000,0.01,2,51.58315401659924,524288,2006,sharded,9693.106393593183,2,0.5859375
memo,1000,1000,1000,1000,0.01,2,51.32148850859009,524288,2006,sharded,9742.52724404731,2,1.171875
memo,1000,1000,1000,1000,0.01,2,550.4367101358412,524288,2006,sharded,908.3714635904385,2,600.0
memo,1000,1000,1000,1000,0.01,2,58.419865705336036,524288,2006,sharded,8558.749561697987,2,4.6875
memo,1000,1000,1000,1000,0.01,2,62.11433967107922,524288,2006,sharded,8049.687119716789,2,18.75
memo,1000,1000,1000,1000,0.01,2,426.9586561400397,524288,2006,sharded,1171.0759175614485,2,300.0
memo,1000,1000,1000,1000,0.01,2,84.31901055872078,524288,2006,sharded,5929.87271419407,2,37.5
memo,1000,1000,1000,1000,0.01,2,29.034329575209416,262144,4012,sharded,8610.531176633749,4,2.34375
memo,1000,1000,1000,1000,0.01,2,13.55146894784719,131072,8024,sharded,9224.166065027059,8,1.171875
memo,1000,1000,1000,1000,0.01,2,25.96708213360345,262144,4012,sharded,9627.612325240001,4,0.5859375
memo,1000,1000,1000,1000,0.01,2,13.532326850760946,131072,8024,sharded,9237.214071057631,8,0.5859375
memo,1000,1000,1000,1000,0.01,2,14.029536019562217,131072,8024,sharded,8909.845616113296,8,2.34375
memo,1000,1000,1000,1000,0.01,2,7.714409313953416,65536,16048,sharded,8101.851672162572,16,1.171875
memo,1000,1000,1000,1000,0.01,2,8.059299813888833,65536,16048,sharded,7755.14020365518,16,2.34375
memo,1000,1000,1000,1000,0.01,2,7.206121365616796,65536,16048,sharded,8673.320476978995,16,0.5859375
memo,1000,1000,1000,1000,0.01,2,4.568698157991887,32768,31093,sharded,7060.887675343406,31,1.171875
memo,1000,1000,1000,1000,0.01,2,4.25713760349575,32768,31093,sharded,7577.641955862429,31,0.5859375
memo,1000,1000,1000,1000,0.01,2,6.256221993392301,32768,31093,sharded,5156.317111221505,31,2.34375
memo,1000,1000,1000,1000,0.01,2,27.14384984403144,262144,4012,sharded,9210.226310435171,4,1.171875
memo,1000,1000,1000,1000,0.01,4,7.6629762030262984,131072,8056,sharded,16312.33044292034,8,1.171875
memo,1000,1000,1000,1000,0.01,4,7.075404590807658,131072,8056,sharded,17666.97556241531,8,0.5859375
memo,1000,1000,1000,1000,0.01,4,16.734552899855597,262144,4028,sharded,14939.20999838348,4,2.34375
memo,1000,1000,1000,1000,0.01,4,8.169469453624693,131072,8056,sharded,15300.99362138365,8,2.34375
memo,1000,1000,1000,1000,0.01,4,13.475390360653245,262144,4028,sharded,18552.412457747956,4,0.5859375
memo,1000,1000,1000,1000,0.01,4,4.714515470388318,65536,16112,sharded,13257.141776830782,16,1.171875
memo,1000,1000,1000,1000,0.01,4,5.667329446688592,65536,16112,sharded,11028.29835250167,16,2.34375
memo,1000,1000,1000,1000,0.01,4,4.1003897263943205,65536,16112,sharded,15242.697443533076,16,0.5859375
memo,1000,1000,1000,1000,0.01,4,2.391517421067669,32768,31217,sharded,13488.952341282673,31,0.5859375
memo,1000,1000,1000,1000,0.01,4,2.991695041313068,32768,31217,sharded,10782.871940707695,31,1.171875
memo,1000,1000,1000,1000,0.01,4,4.323792838732231,32768,31217,sharded,7460.825649914263,31,2.34375
memo,1000,1000,1000,1000,0.01,4,14.101947044486499,262144,4028,sharded,17728.1193307093,4,1.171875
memo,1000,1000,1000,1000,0.01,8,4.911804518799448,131072,8120,sharded,25449.099108397124,8,1.171875
memo,1000,1000,1000,1000,0.01,8,7.71227517930334,262144,4060,sharded,32415.985450169443,4,1.171875
memo,1000,1000,1000,1000,0.01,8,8.684919316475556,262144,4060,sharded,28785.6445051528,4,2.34375
memo,1000,1000,1000,1000,0.01,8,4.021470519473724,131072,8120,sharded,31083.40578270817,8,0.5859375
memo,1000,1000,1000,1000,0.01,8,3.0285387034008755,65536,16240,sharded,20637.345637952374,16,1.171875
memo,1000,1000,1000,1000,0.01,8,6.915191670333434,262144,4060,sharded,36152.43248752142,4,0.5859375
memo,1000,1000,1000,1000,0.01,8,4.219734536559008,65536,16240,sharded,14811.595245744198,16,2.34375
memo,1000,1000,1000,1000,0.01,8,5.8526681892688925,131072,8120,sharded,21357.950930687384,8,2.34375
memo,1000,1000,1000,1000,0.01,8,1.6449870597575844,32768,31465,sharded,19610.527830463863,31,0.5859375
memo,1000,1000,1000,1000,0.01,8,2.292225600584081,32768,31465,sharded,14073.250254211067,31,1.171875
memo,1000,1000,1000,1000,0.01,8,3.4659685524577335,32768,31465,sharded,9307.373690177885,31,2.34375
memo,1000,1000,1000,1000,0.01,8,2.4240882956838914,65536,16240,sharded,25783.301751542436,16,0.5859375
memo,1000,1000,1000,1000,0.01,16,6.196603417884617,262144,4124,sharded,40344.844286540574,4,2.34375
memo,1000,1000,1000,1000,0.01,16,4.814511822704828,262144,4124,sharded,51926.552308173086,4,1.171875
memo,1000,1000,1000,1000,0.01,16,3.0484406543177984,131072,8248,sharded,41004.89862676156,8,1.171875
memo,1000,1000,1000,1000,0.01,16,3.9930259682301257,131072,8248,sharded,31304.83022012642,8,2.34375
memo,1000,1000,1000,1000,0.01,16,2.353657277485511,131072,8248,sharded,53109.26157165186,8,0.5859375
memo,1000,1000,1000,1000,0.01,16,2.3614893006932287,65536,16496,sharded,26466.772465008617,16,1.171875
memo,1000,1000,1000,1000,0.01,16,3.3518822868604268,65536,16496,sharded,18646.53787067868,16,2.34375
memo,1000,1000,1000,1000,0.01,16,4.0591650830691774,262144,4124,sharded,61589.266483089574,4,0.5859375
memo,1000,1000,1000,1000,0.01,16,1.755966547565184,65536,16496,sharded,35593.50267046011,16,0.5859375
memo,1000,1000,1000,1000,0.01,16,1.361116552628179,32768,31961,sharded,23700.44244472674,31,0.5859375
memo,1000,1000,1000,1000,0.01,16,1.7811106955054437,32768,31961,sharded,18111.76845859912,31,1.171875
memo,1000,1000,1000,1000,0.01,16,3.0339817866888303,32768,31961,sharded,10632.583444522032,31,2.34375
memo,1000,1000,1000,1000,0.01,32,2.8835974126565334,262144,4252,sharded,86697.6086546301,4,1.171875
memo,1000,1000,1000,1000,0.01,32,1.9049736881939658,65536,17008,sharded,32809.37704670076,16,1.171875
memo,1000,1000,1000,1000,0.01,32,1.2905184260861078,65536,17008,sharded,48430.92414383684,16,0.5859375
memo,1000,1000,1000,1000,0.01,32,2.526141373109148,262144,4252,sharded,98965.5617303403,4,0.5859375
memo,1000,1000,1000,1000,0.01,32,1.0854853362440655,32768,32953,sharded,29718.563152359115,31,0.5859375
memo,1000,1000,1000,1000,0.01,32,4.3864444485325,262144,4252,sharded,56993.996603248605,4,2.34375
memo,1000,1000,1000,1000,0.01,32,2.898078570542972,65536,17008,sharded,21566.35801226399,16,2.34375
memo,1000,1000,1000,1000,0.01,32,1.6825782444183128,131072,8504,sharded,74291.34449745266,8,0.5859375
memo,1000,1000,1000,1000,0.01,32,3.4475614470436775,131072,8504,sharded,36257.801904354674,8,2.34375
memo,1000,1000,1000,1000,0.01,32,1.7103874236957195,32768,32953,sharded,18860.676867247574,31,1.171875
memo,1000,1000,1000,1000,0.01,32,2.839482521316651,32768,32953,sharded,11360.895611771788,31,2.34375
memo,1000,1000,1000,1000,0.01,32,2.075449154891267,131072,8504,sharded,60228.408730421936,8,1.171875
memo,1000,1000,1000,1000,0.01,64,3.4071686348287566,262144,4508,sharded,73375.00041660397,4,2.34375
memo,1000,1000,1000,1000,0.01,64,2.419966769342757,262144,4508,sharded,103307.61693388798,4,1.171875
memo,1000,1000,1000,1000,0.01,64,3.170497952232907,131072,9016,sharded,39426.29892315961,8,2.34375
memo,1000,1000,1000,1000,0.01,64,2.8134271594116034,65536,18032,sharded,22215.25437078363,16,2.34375
memo,1000,1000,1000,1000,0.01,64,1.659196353218443,65536,18032,sharded,37669.44152135041,16,1.171875
memo,1000,1000,1000,1000,0.01,64,1.0909446719353995,65536,18032,sharded,57290.714742773875,16,0.5859375
memo,1000,1000,1000,1000,0.01,64,1.7622089171733142,131072,9016,sharded,70934.26822542067,8,1.171875
memo,1000,1000,1000,1000,0.01,64,1.290466204653068,131072,9016,sharded,96864.99309263629,8,0.5859375
memo,1000,1000,1000,1000,0.01,64,0.9530495654884336,32768,34937,sharded,33848.254785779594,31,0.5859375
memo,1000,1000,1000,1000,0.01,64,1.5832929898519716,32768,34937,sharded,20374.665158559856,31,1.171875
memo,1000,1000,1000,1000,0.01,64,2.5250674420056822,32768,34937,sharded,12775.525904569657,31,2.34375
memo,1000,1000,1000,1000,0.01,64,1.6934535263105175,262144,4508,sharded,147627.9071824726,4,0.5859375
memo,1000,1000,1000,1000,0.01,128,1.3253480973376695,262144,5020,sharded,188630.44395823,4,0.5859375
memo,1000,1000,1000,1000,0.01,128,2.790585837216954,262144,5020,sharded,89587.28187674224,4,2.34375
memo,1000,1000,1000,1000,0.01,128,1.8717319333261049,262144,5020,sharded,133566.66921621797,4,1.171875
memo,1000,1000,1000,1000,0.01,128,2.725867394471879,65536,20080,sharded,22928.84830962557,16,2.34375
memo,1000,1000,1000,1000,0.01,128,0.9672375513809734,32768,38905,sharded,33351.749495324235,31,0.5859375
memo,1000,1000,1000,1000,0.01,128,1.1282559482422156,131072,10040,sharded,110791.3503090742,8,0.5859375
memo,1000,1000,1000,1000,0.01,128,1.5260281627901815,65536,20080,sharded,40956.649113030464,16,1.171875
memo,1000,1000,1000,1000,0.01,128,1.616890585790029,131072,10040,sharded,77309.49830406938,8,1.171875
memo,1000,1000,1000,1000,0.01,128,3.1502564009559544,131072,10040,sharded,39679.62733511726,8,2.34375
memo,1000,1000,1000,1000,0.01,128,1.4896632432048447,32768,38905,sharded,21655.27320572618,31,1.171875
memo,1000,1000,1000,1000,0.01,128,2.7139933188050267,32768,38905,sharded,11886.19894257246,31,2.34375
memo,1000,1000,1000,1000,0.01,128,0.9783872318920025,65536,20080,sharded,63881.65949297574,16,0.5859375
memo,1000,1000,1000,1000,0.01,256,1.7759552675789343,262144,6044,sharded,140769.8744241532,4,1.171875
memo,1000,1000,1000,1000,0.01,256,1.553747972103437,131072,12088,sharded,80451.27153458216,8,1.171875
memo,1000,1000,1000,1000,0.01,256,2.8776174427887304,262144,6044,sharded,86877.77474608345,4,2.34375
memo,1000,1000,1000,1000,0.01,256,1.1283784216439714,262144,6044,sharded,221557.76395986497,4,0.5859375
memo,1000,1000,1000,1000,0.01,256,2.733811506185756,65536,24176,sharded,22862.219965999808,16,2.34375
memo,1000,1000,1000,1000,0.01,256,0.9295780511197737,65536,24176,sharded,67235.88183338777,16,0.5859375
memo,1000,1000,1000,1000,0.01,256,1.5795842846138732,65536,24176,sharded,39568.00571441382,16,1.171875
memo,1000,1000,1000,1000,0.01,256,3.0037426910378056,131072,12088,sharded,41615.082534520174,8,2.34375
memo,1000,1000,1000,1000,0.01,256,0.9884978722925677,131072,12088,sharded,126455.5073953697,8,0.5859375
memo,1000,1000,1000,1000,0.01,256,0.9462247705430498,32768,46841,sharded,34092.39064584535,31,0.5859375
memo,1000,1000,1000,1000,0.01,256,1.533932935583448,32768,46841,sharded,21030.296545434663,31,1.171875
memo,1000,1000,1000,1000,0.01,256,2.623753709999713,32768,46841,sharded,12295.00482197796,31,2.34375
memo,1000,1000,1000,1000,0.01,256,0.9549712276060432,16384,93682,sharded,16890.595016668587,62,0.5859375
memo,1000,1000,1000,1000,0.01,256,2.796854278643295,16384,93682,sharded,5767.205099397926,62,2.34375
memo,1000,1000,1000,1000,0.01,256,1.5605647598852586,16384,93682,sharded,10336.022363628465,62,1.171875
memo,1000,1000,1000,1000,0.01,256,0.9366032138175452,8192,185853,sharded,8681.457826384292,123,0.5859375
memo,1000,1000,1000,1000,0.01,256,2.665783893497803,8192,185853,sharded,3050.1652143093006,123,2.34375
memo,1000,1000,1000,1000,0.01,256,1.5028647383846003,8192,185853,sharded,5410.387969813536,123,1.171875
memo,1000,1000,1000,1000,0.01,256,2.6999928006248473,4096,370195,sharded,1512.0901996910509,245,2.34375
memo,1000,1000,1000,1000,0.01,256,0.9231132399535019,4096,370195,sharded,4422.678038142829,245,0.5859375
memo,1000,1000,1000,1000,0.01,256,1.5007855627912805,4096,370195,sharded,2720.3304417907775,245,1.171875
memo,1000,1000,1000,1000,0.01,256,0.9252659977353098,2048,738879,sharded,2211.2449609722066,489,0.5859375
memo,1000,1000,1000,1000,0.01,256,2.6965165003128675,2048,738879,sharded,758.7529224515168,489,2.34375
memo,1000,1000,1000,1000,0.01,256,1.516851098191264,2048,738879,sharded,1348.840223994841,489,1.171875
memo,1000,1000,1000,1000,0.01,256,2.6725651834188153,1024,1476247,sharded,383.35508513893143,977,2.34375
memo,1000,1000,1000,1000,0.01,256,1.5199323151175335,1024,1476247,sharded,674.0704459261648,977,1.171875
memo,1000,1000,1000,1000,0.01,256,0.9225730885389191,1024,1476247,sharded,1110.526056045524,977,0.5859375
memo,1000,1000,1000,1000,0.01,128,0.9148900312157486,16384,77810,sharded,17630.569475798282,62,0.5859375
memo,1000,1000,1000,1000,0.01,128,2.757045470787753,16384,77810,sharded,5850.477414670925,62,2.34375
memo,1000,1000,1000,1000,0.01,128,1.4724993773424735,16384,77810,sharded,10954.18613159318,62,1.171875
memo,1000,1000,1000,1000,0.01,128,0.9174082771671435,8192,154365,sharded,8863.099999403645,123,0.5859375
memo,1000,1000,1000,1000,0.01,128,1.505518786074601,8192,154365,sharded,5400.850109624669,123,1.171875
memo,1000,1000,1000,1000,0.01,128,2.6849038026597825,8192,154365,sharded,3028.444182155802,123,2.34375
memo,1000,1000,1000,1000,0.01,128,2.6582363852713926,4096,307475,sharded,1535.8425893506112,245,2.34375
memo,1000,1000,1000,1000,0.01,128,1.4756620852373565,4096,307475,sharded,2766.6446769244894,245,1.171875
memo,1000,1000,1000,1000,0.01,128,0.9212822397096103,4096,307475,sharded,4431.4678793201065,245,0.5859375
memo,1000,1000,1000,1000,0.01,128,0.902742732606523,2048,613695,sharded,2266.415116013907,489,0.5859375
memo,1000,1000,1000,1000,0.01,128,2.625654078799023,2048,613695,sharded,779.2305131020773,489,2.34375
memo,1000,1000,1000,1000,0.01,128,1.5074123893963371,2048,613695,sharded,1357.2860283246496,489,1.171875
memo,1000,1000,1000,1000,0.01,128,0.9055196860341916,1024,1226135,sharded,1131.4402869759124,977,0.5859375
memo,1000,1000,1000,1000,0.01,128,1.479340401025318,1024,1226135,sharded,692.5663983210106,977,1.171875
memo,1000,1000,1000,1000,0.01,128,2.675822484802018,1024,1226135,sharded,382.88842374559425,977,2.34375
memo,1000,1000,1000,1000,0.01,64,0.969964321683893,16384,69874,sharded,16629.510897949523,62,0.5859375
memo,1000,1000,1000,1000,0.01,64,1.4852590897322402,16384,69874,sharded,10860.079813396334,62,1.171875
memo,1000,1000,1000,1000,0.01,64,2.7539868099330658,16384,69874,sharded,5856.975131430113,62,2.34375
memo,1000,1000,1000,1000,0.01,64,0.9097945047433162,8192,138621,sharded,8937.272382302486,123,0.5859375
memo,1000,1000,1000,1000,0.01,64,1.5294645527747948,8192,138621,sharded,5316.292741836603,123,1.171875
memo,1000,1000,1000,1000,0.01,64,2.6570731283335958,8192,138621,sharded,3060.164665438651,123,2.34375
memo,1000,1000,1000,1000,0.01,64,2.6795451295621753,4096,276115,sharded,1523.6289950930243,245,2.34375
memo,1000,1000,1000,1000,0.01,64,0.9008561144857153,4096,276115,sharded,4531.9475412474,245,0.5859375
memo,1000,1000,1000,1000,0.01,64,1.5029611804619034,4096,276115,sharded,2716.392616212824,245,1.171875
memo,1000,1000,1000,1000,0.01,64,0.8955371269272261,2048,551103,sharded,2284.650980435999,489,0.5859375
memo,1000,1000,1000,1000,0.01,64,1.4933352990781328,2048,551103,sharded,1370.0806351488222,489,1.171875
memo,1000,1000,1000,1000,0.01,64,2.7308118538467263,2048,551103,sharded,749.2239980462459,489,2.34375
memo,1000,1000,1000,1000,0.01,64,2.6456441678467484,1024,1101079,sharded,387.25595296616297,977,2.34375
memo,1000,1000,1000,1000,0.01,64,1.4873017220650913,1024,1101079,sharded,688.8591858861743,977,1.171875
memo,1000,1000,1000,1000,0.01,64,0.8928682882755857,1024,1101079,sharded,1147.4721040967656,977,0.5859375
memo,1000,1000,1000,1000,0.01,32,1.02122340789326,16384,65906,sharded,15794.812509576213,62,0.5859375
memo,1000,1000,1000,1000,0.01,32,2.8021145182986396,16384,65906,sharded,5756.378675007969,62,2.34375
memo,1000,1000,1000,1000,0.01,32,1.6569828863762868,16384,65906,sharded,9734.579874472838,62,1.171875
memo,1000,1000,1000,1000,0.01,32,1.521040545485852,8192,130749,sharded,5345.736065316899,123,1.171875
memo,1000,1000,1000,1000,0.01,32,0.9277973503089704,8192,130749,sharded,8763.854841906195,123,0.5859375
memo,1000,1000,1000,1000,0.01,32,2.5999860748684926,8192,130749,sharded,3127.355711404831,123,2.34375
memo,1000,1000,1000,1000,0.01,32,0.909137579688107,4096,260435,sharded,4490.665378128832,245,0.5859375
memo,1000,1000,1000,1000,0.01,32,2.7008850143142427,4096,260435,sharded,1511.5906939480756,245,2.34375
memo,1000,1000,1000,1000,0.01,32,1.4999265806141047,4096,260435,sharded,2721.8883282871757,245,1.171875
memo,1000,1000,1000,1000,0.01,32,0.9113458502927706,2048,519807,sharded,2245.0201253386394,489,0.5859375
memo,1000,1000,1000,1000,0.01,32,2.6286489167495315,2048,519807,sharded,778.3427303715793,489,2.34375
memo,1000,1000,1000,1000,0.01,32,1.485400307148812,2048,519807,sharded,1377.399590672194,489,1.171875
memo,1000,1000,1000,1000,0.01,32,1.4629224091744102,1024,1038551,sharded,700.3388881075768,977,1.171875
memo,1000,1000,1000,1000,0.01,32,2.659163022667692,1024,1038551,sharded,385.2871917574412,977,2.34375
memo,1000,1000,1000,1000,0.01,32,0.8912180576754166,1024,1038551,sharded,1149.5968294237637,977,0.5859375
memo,1000,1000,1000,1000,0.01,16,1.6195878972696935,16384,63922,sharded,9959.343537486651,62,1.171875
memo,1000,1000,1000,1000,0.01,16,1.042715805732097,16384,63922,sharded,15469.250748279894,62,0.5859375
memo,1000,1000,1000,1000,0.01,16,2.973454623028732,16384,63922,sharded,5424.677455354816,62,2.34375
memo,1000,1000,1000,1000,0.01,16,1.0130873915597645,8192,126813,sharded,8026.041354926226,123,0.5859375
memo,1000,1000,1000,1000,0.01,16,1.5956589924545372,8192,126813,sharded,5095.751247141657,123,1.171875
memo,1000,1000,1000,1000,0.01,16,2.7330652874930514,8192,126813,sharded,2975.0775943853773,123,2.34375
memo,1000,1000,1000,1000,0.01,16,0.9278501354060888,4096,252595,sharded,4400.099215671713,245,0.5859375
memo,1000,1000,1000,1000,0.01,16,2.7402089107333105,4096,252595,sharded,1489.8983201863489,245,2.34375
memo,1000,1000,1000,1000,0.01,16,1.5729118168571221,4096,252595,sharded,2595.5890275011375,245,1.171875
memo,1000,1000,1000,1000,0.01,16,1.5029015887189356,2048,504159,sharded,1361.3597792488292,489,1.171875
memo,1000,1000,1000,1000,0.01,16,0.9120289067126597,2048,504159,sharded,2243.3387362970134,489,0.5859375
memo,1000,1000,1000,1000,0.01,16,2.6679419844279457,2048,504159,sharded,766.8794100445259,489,2.34375
memo,1000,1000,1000,1000,0.01,16,2.6529667579462104,1024,1007287,sharded,386.18706787792956,977,2.34375
memo,1000,1000,1000,1000,0.01,16,0.903339539462871,1024,1007287,sharded,1134.1709386905172,977,0.5859375
memo,1000,1000,1000,1000,0.01,16,1.4680257383216648,1024,1007287,sharded,697.9042851116365,977,1.171875
memo,1000,1000,1000,1000,0.01,8,1.3016560297194966,16384,62930,sharded,12391.931424110942,62,0.5859375
memo,1000,1000,1000,1000,0.01,8,1.7492019782859045,16384,62930,sharded,9221.366347796393,62,1.171875
memo,1000,1000,1000,1000,0.01,8,3.0028905393572924,16384,62930,sharded,5371.501906798381,62,2.34375
memo,1000,1000,1000,1000,0.01,8,1.0974322149992055,8192,124845,sharded,7409.187729028799,123,0.5859375
memo,1000,1000,1000,1000,0.01,8,1.6720746670696867,8192,124845,sharded,4862.869739580913,123,1.171875
memo,1000,1000,1000,1000,0.01,8,2.8305332283524898,8192,124845,sharded,2872.6323433926614,123,2.34375
memo,1000,1000,1000,1000,0.01,8,1.5985800338385665,4096,248675,sharded,2553.9119510068344,245,1.171875
memo,1000,1000,1000,1000,0.01,8,2.715660524972862,4096,248675,sharded,1503.3663506604985,245,2.34375
memo,1000,1000,1000,1000,0.01,8,1.0172898730798954,4096,248675,sharded,4013.2441707110015,245,0.5859375
memo,1000,1000,1000,1000,0.01,8,1.5357275829904071,2048,496335,sharded,1332.2608760253704,489,1.171875
memo,1000,1000,1000,1000,0.01,8,2.6789059741128,2048,496335,sharded,763.7407937502232,489,2.34375
memo,1000,1000,1000,1000,0.01,8,0.9357153286350276,2048,496335,sharded,2186.5515210012722,489,0.5859375
memo,1000,1000,1000,1000,0.01,8,2.6471958294107933,1024,991655,sharded,387.02896175871655,977,2.34375
memo,1000,1000,1000,1000,0.01,8,1.5038895832463395,1024,991655,sharded,681.2610878102228,977,1.171875
memo,1000,1000,1000,1000,0.01,8,0.901829240917357,1024,991655,sharded,1136.070341195282,977,0.5859375
memo,1000,1000,1000,1000,0.01,4,1.793647820106006,16384,62434,sharded,8992.864751515834,62,0.5859375
memo,1000,1000,1000,1000,0.01,4,2.2635162842193637,16384,62434,sharded,7126.095080702017,62,1.171875
memo,1000,1000,1000,1000,0.01,4,3.4122969517419266,16384,62434,sharded,4727.0306442205665,62,2.34375
memo,1000,1000,1000,1000,0.01,4,1.3567793995540884,8192,123861,sharded,5992.9280349372375,123,0.5859375
memo,1000,1000,1000,1000,0.01,4,1.91223466226167,8192,123861,sharded,4252.135713927537,123,1.171875
memo,1000,1000,1000,1000,0.01,4,3.1612612890317684,8192,123861,sharded,2572.1003603923537,123,2.34375
memo,1000,1000,1000,1000,0.01,4,1.0809844802959605,4096,246715,sharded,3776.7726803473156,245,0.5859375
memo,1000,1000,1000,1000,0.01,4,2.9697770163821935,4096,246715,sharded,1374.727001569539,245,2.34375
memo,1000,1000,1000,1000,0.01,4,1.6276060376673933,4096,246715,sharded,2508.3666185659135,245,1.171875
memo,1000,1000,1000,1000,0.01,4,1.5911882136695545,2048,492423,sharded,1285.8251195392652,489,1.171875
memo,1000,1000,1000,1000,0.01,4,2.7059974829725655,2048,492423,sharded,756.0944856473349,489,2.34375
memo,1000,1000,1000,1000,0.01,4,0.9924926569436272,2048,492423,sharded,2061.4659068125834,489,0.5859375
memo,1000,1000,1000,1000,0.01,4,1.5031143570162673,1024,983839,sharded,681.6124459502956,977,1.171875
memo,1000,1000,1000,1000,0.01,4,0.9373875767727099,1024,983839,sharded,1092.975284520211,977,0.5859375
memo,1000,1000,1000,1000,0.01,4,2.8223155519390795,1024,983839,sharded,363.0144945078696,977,2.34375
memo,1000,1000,1000,1000,0.01,2,2.4441212959426033,16384,62186,sharded,6599.521997881773,62,0.5859375
memo,1000,1000,1000,1000,0.01,2,3.0284048585410006,16384,62186,sharded,5326.246988599637,62,1.171875
memo,1000,1000,1000,1000,0.01,2,4.4829191933676045,16384,62186,sharded,3598.1090807812457,62,2.34375
memo,1000,1000,1000,1000,0.01,2,2.1893677447021997,8192,123369,sharded,3713.894717088292,123,1.171875
memo,1000,1000,1000,1000,0.01,2,3.631075463049066,8192,123369,sharded,2239.3038601255685,123,2.34375
memo,1000,1000,1000,1000,0.01,2,1.6689769969420236,8192,123369,sharded,4871.895368067474,123,0.5859375
memo,1000,1000,1000,1000,0.01,2,2.0381061652462544,4096,245735,sharded,2003.1501413803633,245,1.171875
memo,1000,1000,1000,1000,0.01,2,2.9800924772701536,4096,245735,sharded,1369.968443664214,245,2.34375
memo,1000,1000,1000,1000,0.01,2,1.3075935718485097,4096,245735,sharded,3122.2489471936738,245,0.5859375
memo,1000,1000,1000,1000,0.01,2,1.615919230954483,2048,490467,sharded,1266.1460646412443,489,1.171875
memo,1000,1000,1000,1000,0.01,2,1.0922665394527733,2048,490467,sharded,1873.1598022550136,489,0.5859375
memo,1000,1000,1000,1000,0.01,2,2.855182390050197,2048,490467,sharded,716.5881178663176,489,2.34375
memo,1000,1000,1000,1000,0.01,2,1.6518743662439546,1024,979931,sharded,620.2296460102318,977,1.171875
memo,1000,1000,1000,1000,0.01,2,0.9622789152657314,1024,979931,sharded,1064.7032135645816,977,0.5859375
memo,1000,1000,1000,1000,0.01,2,2.748198926604349,1024,979931,sharded,372.8046916511893,977,2.34375